1.201646,197,11976,16,8,0.303988,0.0826,0.38361,0.229803,0.278428,324
1.20794,214,9066,10,9,0.277402,0.080637,0.416103,0.225857,0.326003,267
1.145523,219,10902,25,31,0.305454,0.066682,0.390009,0.237855,0.269704,244
1.203506,198,10812,16,11,0.310195,0.074901,0.384203,0.230701,0.283504,271
1.464361,198,12433,21,7,0.258364,0.090052,0.445689,0.205895,0.407139,257
1.084739,197,9606,13,8,0.253654,0.102923,0.425853,0.21757,0.364869,260
1.595751,199,9578,11,9,0.270172,0.087952,0.429496,0.21238,0.373557,243
1.365182,196,11172,7,11,0.271341,0.091942,0.420541,0.216176,0.368001,255
1.155144,197,12337,10,9,0.290534,0.087283,0.398443,0.22374,0.31199,281
1.584859,198,10799,12,9,0.252298,0.097539,0.441743,0.20842,0.397683,272
1.49132,200,9454,22,10,0.264166,0.085683,0.44046,0.209691,0.388092,283
0.99974,200,10770,16,7,0.332764,0.057501,0.372758,0.236977,0.245949,288
1.081746,197,10741,9,11,0.307056,0.065507,0.411558,0.215879,0.331082,297
1.41269,200,11030,13,8,0.262313,0.104317,0.412701,0.22067,0.348183,278
1.266552,198,9841,10,11,0.284594,0.084674,0.404227,0.226505,0.325179,348
1.119667,197,7815,14,12,0.303618,0.066118,0.413816,0.216447,0.334986,282
1.514092,196,11758,11,14,0.273057,0.088346,0.411719,0.226879,0.324498,310
1.011673,192,11967,11,10,0.291426,0.092057,0.382956,0.233561,0.2826,238
1.140905,193,9996,14,11,0.297919,0.080778,0.376917,0.244387,0.247123,310
1.093111,198,14040,26,11,0.297633,0.086009,0.387743,0.228615,0.297163,316
1.032951,196,11871,17,10,0.3225,0.08025,0.355125,0.242125,0.215185,358
1.093817,211,8442,10,15,0.308891,0.063474,0.393103,0.234533,0.274003,316
0.986366,213,8319,16,9,0.321615,0.056402,0.383914,0.238069,0.251263,300
1.08792,212,8619,25,31,0.288261,0.071421,0.409687,0.230631,0.305285,308
1.354354,193,11152,7,16,0.21009,0.172694,0.35015,0.267067,0.18554,187
1.370152,206,9866,8,14,0.273531,0.108777,0.36669,0.251002,0.224556,229
1.056428,205,8241,4,13,0.252945,0.14955,0.320998,0.276507,0.110012,202
1.255172,193,10497,15,5,0.176608,0.207797,0.368421,0.247173,0.296011,144
1.806695,196,10242,7,9,0.208209,0.189616,0.345203,0.256972,0.226085,187
1.46921,196,10707,18,11,0.222976,0.162695,0.354742,0.259587,0.226314,192
1.879196,191,11116,7,7,0.230108,0.161368,0.352122,0.256401,0.207942,148
1.592405,194,8966,6,12,0.209547,0.192999,0.342243,0.255211,0.222456,204
1.56419,195,9660,6,7,0.188386,0.198064,0.370204,0.243346,0.295573,176
1.687182,193,11277,13,10,0.212456,0.181139,0.361922,0.244484,0.278742,162
1.570494,198,10642,7,8,0.214516,0.180695,0.34391,0.260878,0.199376,174
1.160099,195,11040,11,7,0.226543,0.167092,0.360156,0.246209,0.258921,194
1.366529,194,9987,6,6,0.221512,0.171941,0.356976,0.249571,0.249026,202
1.614528,191,10697,10,7,0.194858,0.200815,0.356796,0.247531,0.263719,208
1.577446,193,8526,4,7,0.183692,0.220031,0.342344,0.253933,0.240817,149
1.280027,195,9669,14,7,0.218331,0.178136,0.34592,0.257613,0.208795,208
1.564487,190,13329,8,5,0.247998,0.145478,0.361002,0.245522,0.250767,249
1.38431,194,10968,5,3,0.247446,0.117548,0.407227,0.227779,0.330124,226
1.345515,191,10824,11,4,0.183214,0.189696,0.391846,0.235244,0.345196,158
1.181629,194,11740,8,11,0.197793,0.169857,0.400069,0.232281,0.347363,191
1.139716,195,8394,13,6,0.167046,0.212171,0.37425,0.246533,0.325848,135
1.16434,203,12720,8,9,0.257765,0.128821,0.371241,0.242173,0.273605,330
1.166947,207,12838,7,11,0.290452,0.090131,0.365205,0.254212,0.207191,252
1.205108,206,9120,7,11,0.211371,0.159407,0.395384,0.233838,0.325357,207
2.190176,194,11271,18,6,0.280103,0.096791,0.387677,0.23543,0.283832,267
1.85535,209,11529,18,5,0.313118,0.065985,0.387848,0.233049,0.268623,376
1.44704,215,11744,12,20,0.289153,0.097056,0.352961,0.260831,0.178957,364
1.94868,194,14643,23,19,0.317574,0.066826,0.383503,0.232097,0.272914,383
1.904873,196,13425,17,8,0.298226,0.079845,0.36556,0.256369,0.208828,308
1.616602,196,14898,14,9,0.329556,0.067683,0.329659,0.273102,0.111777,340
2.031434,192,13842,26,13,0.291859,0.079275,0.39507,0.233795,0.281856,342
2.101588,193,14391,13,6,0.312401,0.074619,0.368497,0.244482,0.229186,265
1.834118,195,13860,24,8,0.313056,0.076039,0.361721,0.249183,0.209798,294
2.185088,195,12708,18,11,0.28619,0.089018,0.380616,0.244176,0.245466,261
1.944298,191,10743,21,17,0.318786,0.070683,0.360057,0.250474,0.193083,279
1.680535,196,10761,10,6,0.303094,0.089323,0.36997,0.237613,0.250463,312
1.798635,193,12885,18,7,0.300525,0.083202,0.366929,0.249344,0.218982,242
1.918574,195,11985,30,9,0.265865,0.105116,0.394884,0.234135,0.306951,221
1.814358,196,13134,28,9,0.28077,0.092896,0.386157,0.240177,0.274365,256
1.555748,196,11292,26,5,0.343503,0.05918,0.346533,0.250784,0.174523,344
2.308837,194,13386,14,5,0.297188,0.086034,0.374404,0.242374,0.245084,276
2.081257,193,10030,14,7,0.306441,0.074798,0.380145,0.238616,0.256891,232
2.130117,197,13908,22,6,0.299002,0.088886,0.38548,0.226631,0.305554,301
1.658232,195,12045,16,3,0.303184,0.08434,0.378817,0.233658,0.265482,295
2.063062,195,13659,21,3,0.325047,0.061834,0.378734,0.234385,0.257865,337
1.924887,209,11905,16,13,0.318187,0.062891,0.385907,0.233015,0.262457,355
1.366516,212,11705,18,11,0.305605,0.076906,0.375561,0.241928,0.234117,397
1.854573,210,10086,19,8,0.313028,0.060061,0.39792,0.228991,0.28646,337
2.446512,192,11587,16,8,0.232881,0.139844,0.385727,0.241549,0.274459,188
2.089224,213,10701,23,4,0.250141,0.127277,0.368367,0.254214,0.230416,228
1.746634,211,8652,29,14,0.272551,0.114663,0.359487,0.253299,0.213284,295
2.560831,194,13137,22,5,0.245423,0.130149,0.381722,0.242706,0.262331,178
2.289639,191,12735,22,7,0.208512,0.161668,0.391602,0.238218,0.31165,182
2.005416,195,12156,24,8,0.227858,0.153247,0.375201,0.243693,0.265618,223
2.277569,194,11190,13,6,0.21764,0.159241,0.390427,0.232691,0.318437,190
2.296053,194,12582,13,5,0.235351,0.145733,0.375569,0.243348,0.255645,193
1.94883,191,15963,20,9,0.29137,0.099422,0.37044,0.238768,0.239222,269
2.120826,199,10017,21,6,0.221431,0.144971,0.401891,0.231707,0.311452,190
2.256542,194,11994,15,6,0.210783,0.165397,0.382729,0.24109,0.288101,160
2.088891,192,12936,9,7,0.237762,0.149371,0.360559,0.252308,0.215088,192
2.06548,194,10968,26,5,0.218978,0.163558,0.376723,0.240741,0.280658,201
2.257913,192,13182,20,5,0.220897,0.152338,0.387358,0.239408,0.298072,174
2.259483,196,11925,20,3,0.218476,0.15877,0.380514,0.24224,0.287281,187
1.938046,194,11517,18,12,0.231409,0.142942,0.386967,0.238682,0.289594,185
2.474595,191,10518,25,7,0.23049,0.145175,0.385315,0.239021,0.289903,199
2.678588,189,13210,23,3,0.235615,0.13826,0.38192,0.244205,0.269938,186
2.301199,193,10920,19,4,0.220061,0.156544,0.372767,0.250629,0.251105,219
2.095348,195,10892,17,4,0.223171,0.152092,0.376242,0.248496,0.26121,198
2.348202,197,9122,19,4,0.243453,0.128808,0.383084,0.244655,0.259669,206
2.421354,208,9069,15,6,0.234303,0.149016,0.360349,0.256332,0.220295,198
1.91436,210,8551,22,18,0.271557,0.098069,0.371171,0.259202,0.208714,226
2.307899,210,9765,25,7,0.237581,0.142549,0.37077,0.2491,0.254773,223
2.004584,192,17274,10,6,0.239857,0.144425,0.349069,0.26665,0.172602,371
1.920014,205,6186,14,4,0.218738,0.13021,0.376935,0.274117,0.191232,261
1.55102,204,9357,8,12,0.239036,0.122481,0.349862,0.288621,0.113598,278
2.062875,200,16323,9,6,0.215642,0.173121,0.320425,0.290812,0.059433,399
2.136073,194,18444,17,3,0.25579,0.133717,0.353935,0.256558,0.199923,371
1.824263,200,14658,10,17,0.199014,0.180157,0.354656,0.266173,0.206998,358
2.107655,199,14028,14,1,0.216182,0.157466,0.363815,0.262537,0.217305,372
2.111217,191,14307,18,6,0.215521,0.151867,0.361575,0.271036,0.17972,365
1.892483,189,14862,10,10,0.220435,0.153824,0.327971,0.29777,0.057949,443
2.161163,193,13179,15,8,0.176679,0.181993,0.358819,0.282509,0.160246,300
2.224319,192,13959,10,6,0.182311,0.188873,0.353638,0.275178,0.177741,330
1.440275,195,13722,8,4,0.21581,0.178884,0.310585,0.294721,0.036546,428
1.973117,201,14028,9,31,0.203016,0.186228,0.322094,0.288661,0.081255,345
2.112532,191,15345,24,11,0.209264,0.160751,0.343977,0.286008,0.124067,410
2.239914,192,14298,14,2,0.215458,0.146302,0.347378,0.290862,0.1138,386
1.934435,199,15153,11,8,0.245793,0.116353,0.372933,0.264922,0.207399,388
2.115341,189,15687,16,12,0.222174,0.166449,0.347265,0.264113,0.184127,332
1.920145,198,12990,16,7,0.210253,0.175582,0.320047,0.294118,0.059053,364
1.905507,203,12117,15,25,0.236025,0.149722,0.345538,0.268715,0.159094,338
1.438775,199,14484,14,1,0.230674,0.157992,0.322452,0.288882,0.065802,375
1.822965,208,12831,10,5,0.208346,0.177125,0.329985,0.284544,0.107709,363
1.846039,209,11271,20,21,0.244003,0.137477,0.346015,0.272505,0.164192,382
1.392013,204,13278,8,47,0.300712,0.099945,0.336508,0.262835,0.149469,455
1.915833,206,8052,13,22,0.184565,0.158841,0.381218,0.275376,0.213091,354
2.258274,194,6789,11,11,0.190246,0.167386,0.406909,0.235458,0.334052,131
2.33618,207,7620,12,13,0.233089,0.133289,0.355289,0.278332,0.144812,231
1.9681,215,5535,12,7,0.243864,0.111227,0.371802,0.273107,0.19231,148
2.157782,194,8580,7,7,0.240415,0.119254,0.398009,0.242322,0.287349,229
2.049143,191,8070,5,13,0.201396,0.163211,0.39458,0.240813,0.321881,194
1.842602,196,9495,11,10,0.254063,0.108982,0.40941,0.227545,0.324179,181
2.360636,191,7161,10,12,0.199079,0.153772,0.421386,0.225763,0.385528,152
2.189199,193,7845,6,10,0.199141,0.154458,0.414823,0.231579,0.337258,135
1.898033,193,10401,8,8,0.219697,0.135281,0.414141,0.23088,0.347008,201
2.240195,198,8625,19,9,0.217195,0.137601,0.429698,0.215506,0.401181,167
2.229144,198,8250,14,9,0.188095,0.165823,0.428022,0.21806,0.416384,161
1.910791,193,8235,11,6,0.244107,0.119902,0.390244,0.245747,0.268569,191
1.771029,196,8367,11,12,0.199438,0.1534,0.423827,0.223335,0.398475,198
2.180876,197,6975,8,9,0.220498,0.133932,0.41813,0.22744,0.359558,158
2.072056,192,7311,4,8,0.207625,0.152963,0.416858,0.222554,0.369387,172
1.845978,196,8424,14,16,0.191971,0.162774,0.416788,0.228467,0.365551,183
2.157764,191,8952,14,12,0.146751,0.189005,0.439573,0.224671,0.431012,143
2.273226,195,7680,11,10,0.29977,0.088438,0.357963,0.253828,0.188658,163
2.410273,194,6231,3,8,0.250742,0.13025,0.369113,0.249894,0.249875,144
2.09821,200,6924,11,8,0.183665,0.181549,0.387008,0.247778,0.293768,138
2.293665,205,7269,30,26,0.168686,0.194076,0.380265,0.256972,0.264084,155
2.354748,207,6993,18,7,0.223582,0.135863,0.366993,0.273562,0.173657,179
1.921533,208,6999,18,16,0.232409,0.141578,0.352452,0.273561,0.172562,196
2.270046,211,6549,13,14,0.224954,0.144392,0.370171,0.260483,0.217004,205
2.685255,189,7773,13,10,0.254289,0.118786,0.371755,0.255169,0.206536,105
2.732771,202,8274,20,14,0.319486,0.058688,0.372733,0.249093,0.217801,176
2.20394,209,8181,15,10,0.299963,0.074252,0.379941,0.245844,0.235976,167
2.625845,186,9537,14,10,0.278539,0.092085,0.378615,0.250761,0.224211,158
2.78823,191,9615,17,9,0.27909,0.09078,0.400249,0.229881,0.30236,152
2.565584,186,7824,12,13,0.265391,0.098586,0.40287,0.233153,0.280343,192
2.822698,191,10413,7,9,0.247059,0.112868,0.415625,0.224449,0.333005,177
2.776251,190,9777,17,9,0.251653,0.105437,0.416605,0.226304,0.332986,108
2.623122,192,9927,19,10,0.246345,0.110015,0.425987,0.217654,0.36147,109
2.760401,191,9378,18,11,0.216724,0.128257,0.42658,0.228439,0.371816,97
2.781774,186,8604,15,13,0.236576,0.117077,0.427937,0.218409,0.361693,112
2.455465,199,10365,10,5,0.301657,0.082104,0.341526,0.274713,0.108974,139
2.591382,189,8661,14,13,0.234354,0.10919,0.437136,0.21932,0.375226,180
2.798361,187,9003,15,14,0.198714,0.145268,0.440024,0.215994,0.404749,102
2.778324,185,9201,15,11,0.226026,0.115883,0.446098,0.211992,0.390942,127
2.495915,189,8691,12,11,0.22043,0.129928,0.417563,0.232079,0.34051,91
2.875814,189,9123,12,11,0.263658,0.099367,0.400435,0.23654,0.289158,97
2.634004,188,9375,24,12,0.331149,0.063739,0.336064,0.269048,0.112417,177
2.687755,191,8520,21,6,0.2917,0.085395,0.366121,0.256784,0.169119,88
2.540733,191,8376,13,10,0.315618,0.071147,0.365507,0.247728,0.195753,173
2.55758,190,7665,13,7,0.261218,0.11641,0.375677,0.246694,0.238314,76
2.612262,206,7890,8,18,0.342984,0.05288,0.359527,0.244609,0.199353,215
2.242975,206,11718,23,14,0.359031,0.042844,0.341841,0.256283,0.142324,233
2.718196,200,7506,9,22,0.310859,0.074878,0.372771,0.241491,0.233066,196
2.938847,191,14346,17,8,0.219531,0.151597,0.385506,0.243366,0.296125,296
2.886682,211,12246,24,20,0.211175,0.155469,0.3842,0.249156,0.277693,313
2.557141,201,12540,32,17,0.182509,0.173918,0.407754,0.235819,0.342638,302
3.023453,192,18249,21,12,0.253626,0.130741,0.371475,0.244158,0.258325,305
3.072428,186,15720,26,9,0.237187,0.135428,0.393752,0.233633,0.316723,305
2.924881,182,19935,22,7,0.232793,0.140541,0.388108,0.238559,0.292341,299
3.138132,183,19464,16,12,0.230723,0.144265,0.380316,0.244697,0.281914,260
3.132383,182,15969,23,10,0.221302,0.149387,0.387462,0.241849,0.299374,270
2.866952,186,17958,35,12,0.212185,0.159336,0.376789,0.25169,0.261639,321
3.101244,183,18990,25,8,0.215635,0.157748,0.377478,0.249139,0.272339,284
3.083889,181,20040,26,9,0.233352,0.139713,0.389293,0.237642,0.28984,276
2.729775,196,18984,17,7,0.221549,0.150746,0.396248,0.231457,0.325075,283
2.95191,188,16362,33,15,0.234186,0.140591,0.373785,0.251438,0.246134,269
2.981856,188,15288,25,3,0.223041,0.134405,0.41382,0.228734,0.348524,271
2.974635,193,17928,29,5,0.197351,0.177481,0.386467,0.2387,0.32277,339
2.865718,190,15099,27,8,0.209962,0.15408,0.403118,0.232841,0.339666,285
3.037948,182,18723,20,12,0.229687,0.147011,0.386202,0.2371,0.300839,312
2.944654,190,14190,11,6,0.217152,0.157119,0.387246,0.238483,0.30398,247
2.937809,196,14133,18,7,0.213463,0.162876,0.372973,0.250688,0.262709,245
2.738232,193,14814,18,4,0.221546,0.162537,0.360038,0.25588,0.225818,282
2.9199,197,12876,21,4,0.196512,0.174181,0.376967,0.252339,0.271188,259
2.93486,209,12897,28,8,0.236056,0.145832,0.362928,0.255184,0.230082,292
2.564281,211,15048,25,8,0.205112,0.163238,0.376144,0.255506,0.260036,330
2.907914,201,15645,16,20,0.173275,0.186286,0.401319,0.239121,0.33683,297
2.655213,200,6465,10,6,0.225583,0.130942,0.408168,0.235307,0.320738,139
2.636344,204,5796,8,9,0.23673,0.131344,0.388997,0.242929,0.288899,166
2.224909,203,5425,15,8,0.196078,0.145599,0.442428,0.215895,0.398886,157
2.803933,203,6360,8,4,0.223955,0.134539,0.407153,0.234352,0.319657,158
2.753818,200,6882,8,23,0.302943,0.077734,0.373023,0.2463,0.232228,198
2.595583,201,6027,18,7,0.258134,0.109328,0.394577,0.237961,0.295408,165
2.710022,202,4998,8,9,0.232216,0.127146,0.417212,0.223426,0.364343,191
2.765975,199,7737,13,9,0.274214,0.098632,0.382975,0.24418,0.251771,205
2.67589,200,8328,12,9,0.28457,0.088471,0.389934,0.237025,0.276077,168
2.73304,202,7566,13,11,0.262075,0.099725,0.408264,0.229936,0.310557,212
2.690607,201,4941,5,28,0.257772,0.110967,0.375648,0.255613,0.244783,160
2.613147,202,6687,40,5,0.214825,0.132619,0.410153,0.242403,0.307188,123
2.68523,199,6519,12,6,0.244015,0.119305,0.398263,0.238417,0.298289,151
2.741397,204,3627,18,17,0.261451,0.100471,0.401885,0.236192,0.291264,183
2.659893,200,5640,13,9,0.25496,0.110948,0.390154,0.243938,0.284225,188
2.515089,202,6783,10,8,0.251603,0.10783,0.403147,0.23742,0.302926,186
2.734539,201,6327,12,19,0.253583,0.114139,0.397275,0.235003,0.297899,176
2.730231,201,6207,10,8,0.210392,0.152529,0.406613,0.230466,0.335698,168
2.641956,199,7212,7,5,0.216754,0.148482,0.394136,0.240628,0.305776,164
2.440193,206,7266,19,5,0.240942,0.117029,0.406884,0.235145,0.303631,167
2.713628,203,5697,16,8,0.243682,0.116399,0.405091,0.234828,0.307413,174
2.58791,204,5631,8,8,0.254629,0.110492,0.395182,0.239697,0.291039,175
2.372653,200,8145,20,6,0.248786,0.107034,0.410685,0.233495,0.309545,157
2.595662,203,5343,9,9,0.219532,0.140284,0.410446,0.229738,0.351115,147
1.121992,189,9408,4,9,0.214914,0.156682,0.401969,0.226435,0.341335,299
1.336805,199,6441,11,10,0.297297,0.078295,0.363332,0.261075,0.203765,228
0.926106,196,4182,12,10,0.25477,0.103629,0.36401,0.277591,0.178201,196
1.174433,185,9285,6,14,0.247818,0.124822,0.381977,0.245383,0.260879,323
1.167303,217,5652,6,5,0.254147,0.087678,0.425059,0.233116,0.314255,237
1.019366,213,4557,7,6,0.260345,0.095977,0.397701,0.245977,0.266341,235
1.326309,214,5250,7,7,0.227765,0.128941,0.410353,0.232941,0.32805,248
1.151512,212,5286,5,5,0.216142,0.130459,0.406025,0.247374,0.298425,244
0.907868,214,6699,5,7,0.260811,0.114133,0.369817,0.255239,0.214785,257
1.186548,219,4944,4,7,0.243293,0.118092,0.428342,0.210273,0.386946,330
1.313981,212,4887,4,4,0.25471,0.1184,0.384741,0.242149,0.260631,248
0.981396,187,4788,5,4,0.192145,0.164802,0.420085,0.222968,0.386496,281
1.237261,189,5316,14,3,0.220123,0.144548,0.411336,0.223993,0.344257,269
1.51429,184,8406,6,9,0.220099,0.152709,0.394483,0.232709,0.318133,298
1.497656,183,8025,5,14,0.24329,0.123282,0.407157,0.226271,0.343024,313
1.266226,184,8202,9,7,0.218825,0.13395,0.430611,0.216613,0.382262,325
1.364322,218,3702,5,6,0.226724,0.125838,0.419372,0.228065,0.337866,277
1.235066,188,9603,6,8,0.230443,0.133836,0.403629,0.232092,0.32344,233
1.243957,200,6942,6,7,0.307712,0.076616,0.366858,0.248815,0.212042,249
0.987807,198,6057,7,7,0.275454,0.098658,0.38332,0.242568,0.267392,235
1.15195,200,6759,5,5,0.298099,0.087738,0.366311,0.247852,0.221338,245
1.180047,201,7326,10,8,0.28345,0.078722,0.395687,0.242141,0.261961,263
1.041888,202,6969,4,5,0.306535,0.070021,0.370332,0.253112,0.210517,263
1.235032,197,6078,8,7,0.298392,0.075984,0.359124,0.2665,0.17087,236
0.691883,210,4668,9,20,0.097288,0.267993,0.380109,0.254611,0.326182,205
0.701192,223,5811,10,21,0.154538,0.195966,0.385664,0.263832,0.271381,211
0.567757,205,5688,3,19,0.185185,0.186251,0.367972,0.260592,0.230184,332
0.652994,206,5211,4,11,0.145286,0.208655,0.42813,0.217929,0.433528,234
0.700747,220,4047,5,30,0.172998,0.212741,0.362946,0.251315,0.280605,312
0.513724,218,4578,6,25,0.16768,0.223404,0.328267,0.280648,0.134531,196
0.956988,220,4128,15,22,0.162993,0.218677,0.37007,0.24826,0.28385,236
0.770958,217,4023,5,25,0.152778,0.239268,0.350063,0.257891,0.240138,184
0.549733,224,3996,14,44,0.200741,0.176035,0.357628,0.265596,0.181676,176
0.98481,222,3567,4,33,0.117581,0.267077,0.343505,0.271837,0.199868,246
0.716568,225,4176,5,20,0.190853,0.199887,0.372671,0.236589,0.329592,262
0.41853,203,4167,3,18,0.09168,0.274268,0.383282,0.25077,0.360412,151
0.560284,209,2895,5,64,0.188503,0.197861,0.334225,0.279412,0.124751,159
0.959505,213,5139,8,36,0.194915,0.191004,0.361147,0.252934,0.243165,180
0.765632,208,2721,6,63,0.185633,0.179943,0.368421,0.266003,0.227599,184
0.653496,215,4872,2,18,0.152367,0.236155,0.350933,0.260545,0.23777,191
0.887777,222,4947,6,48,0.188636,0.197727,0.367045,0.246591,0.281905,266
0.703087,198,4146,7,14,0.135152,0.234243,0.370963,0.259643,0.295661,220
0.682941,202,5346,5,7,0.118198,0.2513,0.39688,0.233622,0.386324,266
0.42344,211,3723,4,16,0.142639,0.224256,0.359649,0.273455,0.229114,188
0.816488,199,5175,5,8,0.132236,0.235832,0.374771,0.25716,0.299904,243
0.775132,208,5637,15,9,0.110012,0.242874,0.39364,0.253475,0.361578,254
0.491227,198,3093,13,70,0.158565,0.203125,0.334201,0.304109,0.082261,369
0.783308,208,4377,12,25,0.144458,0.20341,0.372716,0.279415,0.185151,286
1.521204,182,3951,1,19,0.211724,0.185532,0.301528,0.301216,0.008221,203
1.285125,202,3231,1,9,0.190612,0.20647,0.280368,0.32255,-0.104419,219
1.332767,202,3447,3,6,0.204022,0.208563,0.282841,0.304573,-0.065829,163
1.633637,184,4188,1,8,0.183575,0.207729,0.322866,0.285829,0.076158,130
0.982813,213,3558,4,5,0.244124,0.139957,0.375801,0.240118,0.272509,225
1.007286,212,4155,7,9,0.282273,0.107442,0.351827,0.258457,0.184633,217
1.028747,213,4230,6,5,0.204545,0.187747,0.361166,0.246542,0.247745,166
1.062656,215,5697,3,10,0.265148,0.118274,0.372516,0.244062,0.236722,218
0.897461,218,3204,5,5,0.232592,0.152846,0.381104,0.233459,0.303811,200
1.144633,209,3846,4,2,0.241955,0.131807,0.383045,0.243193,0.266358,228
1.074462,217,3999,7,5,0.276685,0.111423,0.359316,0.252575,0.199374,276
1.365318,181,5544,1,7,0.170858,0.238556,0.287879,0.302708,-0.016482,144
1.392155,184,6072,2,4,0.204842,0.177308,0.315927,0.301923,0.025318,196
1.419102,186,4311,2,6,0.180467,0.216325,0.318707,0.284501,0.088185,163
1.555921,184,3078,5,7,0.204499,0.196319,0.314928,0.284254,0.07263,156
1.570922,184,3807,3,5,0.187784,0.205978,0.303444,0.302794,0.00487,142
1.226493,215,4836,5,8,0.196301,0.193526,0.357225,0.252948,0.237915,206
1.534893,183,2508,3,3,0.188451,0.202497,0.317987,0.291065,0.060387,143
1.27608,205,3654,3,7,0.22309,0.19637,0.259642,0.320897,-0.147863,165
1.167159,206,3228,2,8,0.186175,0.230322,0.268661,0.314842,-0.154194,153
1.367039,196,3078,3,7,0.201022,0.199886,0.261215,0.337876,-0.192467,152
1.292534,208,3723,1,8,0.214417,0.202841,0.257038,0.325704,-0.170758,179
1.273278,200,3153,3,11,0.21051,0.197678,0.273144,0.318668,-0.119582,156
1.337733,196,1992,2,6,0.181533,0.223618,0.269158,0.325691,-0.144502,147
1.928663,181,9654,20,7,0.186809,0.174332,0.416578,0.222282,0.394846,238
1.580647,197,4245,5,5,0.216949,0.139661,0.39322,0.250169,0.269211,160
1.465139,198,4344,7,8,0.256188,0.107682,0.370942,0.265188,0.196343,164
1.91123,181,8427,7,8,0.160305,0.197383,0.42639,0.215921,0.435822,236
1.959589,210,5100,7,8,0.177566,0.193006,0.377838,0.251589,0.266164,215
1.786882,209,5547,7,13,0.211311,0.160456,0.366068,0.262166,0.219463,248
1.945386,209,4785,7,7,0.193563,0.173,0.387573,0.245865,0.282526,222
2.077173,210,6564,9,9,0.223529,0.148387,0.396205,0.231879,0.320088,263
1.657846,209,6654,8,6,0.195854,0.166919,0.374865,0.262362,0.236535,290
1.954205,210,5742,4,6,0.193341,0.174087,0.397112,0.235459,0.340528,279
2.059134,205,5325,4,6,0.235367,0.13108,0.387675,0.245878,0.267432,275
1.671568,181,9042,9,8,0.213742,0.157375,0.404032,0.224851,0.360109,227
2.148056,178,8256,4,6,0.205044,0.179319,0.380328,0.235309,0.330223,180
2.525184,177,5796,12,6,0.180535,0.190754,0.39927,0.22944,0.364118,167
2.486479,178,7083,16,5,0.218406,0.152356,0.403347,0.225892,0.344836,175
2.217701,177,9705,10,5,0.210859,0.153589,0.413537,0.222016,0.378909,232
2.005074,209,5277,8,9,0.171199,0.209095,0.359563,0.260143,0.226244,184
1.797488,177,7629,6,6,0.210059,0.158899,0.402992,0.228051,0.354033,235
1.787902,198,3174,5,6,0.265982,0.091752,0.368996,0.273269,0.181494,174
1.26708,196,4416,10,7,0.23507,0.120712,0.386912,0.257306,0.240405,157
1.6674,196,1890,7,9,0.255992,0.090656,0.374088,0.279264,0.164548,169
1.463408,199,4680,5,7,0.243857,0.108722,0.39312,0.2543,0.247928,208
1.23786,197,4182,11,6,0.248605,0.111593,0.387787,0.252015,0.25819,185
1.536953,197,4098,4,6,0.240245,0.120929,0.370203,0.268623,0.205644,163
2.015494,180,5511,15,5,0.184012,0.176226,0.400727,0.239035,0.333629,235
1.99736,198,6345,10,7,0.258966,0.107068,0.35443,0.279536,0.123493,225
1.92824,197,7362,14,6,0.238453,0.12966,0.354748,0.27714,0.149666,228
2.120291,183,5502,13,9,0.192085,0.165851,0.409293,0.23277,0.345919,259
2.434286,212,12216,10,7,0.26,0.126923,0.349615,0.263462,0.17002,229
2.245813,207,7554,12,8,0.245112,0.139741,0.340193,0.274954,0.141473,259
2.502996,216,10173,20,10,0.209241,0.177686,0.347107,0.265965,0.185087,222
2.187848,208,8091,9,6,0.230409,0.152437,0.366082,0.251072,0.238652,289
2.142858,209,6666,5,6,0.232134,0.140048,0.347242,0.280576,0.139694,218
2.290422,206,7575,9,3,0.240079,0.144345,0.327629,0.287946,0.082967,216
2.229892,206,9531,10,4,0.246665,0.123955,0.326516,0.302863,0.044657,269
1.839751,180,5838,12,8,0.188128,0.173171,0.396121,0.24258,0.317679,247
2.398935,184,10701,15,9,0.174833,0.179145,0.398863,0.247158,0.316452,267
2.463972,183,7590,15,7,0.19131,0.164311,0.40097,0.243409,0.302785,226
2.58809,182,9384,15,5,0.187886,0.159469,0.419705,0.232941,0.354026,263
2.258069,184,9147,18,5,0.203921,0.153207,0.392499,0.250373,0.298468,261
2.313968,207,9426,8,8,0.250979,0.143976,0.338843,0.266203,0.152578,255
2.317801,184,8061,8,4,0.20373,0.166906,0.381396,0.247967,0.275155,229
2.066152,192,4302,12,12,0.272901,0.083969,0.350191,0.292939,0.101189,228
1.877354,200,8469,15,6,0.292975,0.077931,0.357127,0.271967,0.158895,220
2.191562,197,3981,15,6,0.314297,0.066178,0.349219,0.270307,0.140286,267
2.079399,194,6966,13,10,0.28936,0.076071,0.350746,0.283823,0.120958,252
1.686395,197,5880,15,12,0.267133,0.095571,0.347319,0.289977,0.112263,220
2.068346,201,5826,13,6,0.257216,0.10447,0.362708,0.275607,0.16639,221
2.447639,185,6462,3,8,0.15061,0.217824,0.388847,0.242718,0.340582,276
2.443943,194,7176,6,5,0.215369,0.145096,0.386502,0.253033,0.272212,260
2.139373,196,6414,5,32,0.234827,0.15493,0.350576,0.259667,0.200314,257
2.488514,188,6945,6,8,0.126618,0.250405,0.398463,0.224515,0.431443,269
2.080574,216,8400,6,5,0.156671,0.243574,0.353121,0.246634,0.291562,251
1.785357,213,8280,6,8,0.168852,0.20082,0.406557,0.22377,0.395062,250
2.222305,210,6669,5,7,0.122024,0.26373,0.381818,0.232427,0.403794,251
2.144887,214,5766,7,5,0.172635,0.198266,0.40784,0.221259,0.403518,261
2.011362,209,6636,5,6,0.199018,0.17611,0.392105,0.232767,0.336309,255
2.331256,213,7014,8,4,0.164835,0.209524,0.40989,0.215751,0.429277,243
2.261736,210,8415,6,6,0.177305,0.196217,0.403073,0.223404,0.3901,253
2.377376,180,8514,4,4,0.136244,0.232641,0.403006,0.228108,0.407563,259
2.092403,185,8292,6,3,0.134812,0.235873,0.413308,0.216008,0.46247,276
2.50148,179,7686,6,5,0.118421,0.250424,0.409805,0.22135,0.464985,244
2.493877,176,6948,7,3,0.127796,0.252396,0.390841,0.228967,0.435436,213
2.21202,183,7770,7,2,0.116002,0.241326,0.416882,0.22579,0.438039,226
2.189288,211,7986,3,8,0.147963,0.23857,0.386118,0.227348,0.404356,224
2.457856,183,7023,6,5,0.152301,0.214849,0.399695,0.233155,0.378092,253
2.472779,190,8241,6,12,0.194861,0.163931,0.384011,0.257197,0.284674,274
2.296477,194,7281,10,7,0.224276,0.139361,0.386114,0.25025,0.267782,249
2.471544,195,6834,9,6,0.2187,0.129424,0.398045,0.25383,0.272146,246
2.429308,195,6429,7,6,0.201509,0.162767,0.392453,0.24327,0.309413,256
2.245223,194,7695,7,5,0.229208,0.142574,0.379455,0.248762,0.257173,263
2.373608,194,3561,7,5,0.182778,0.186028,0.372868,0.258327,0.243833,235
2.224008,183,2292,3,10,0.304886,0.083388,0.371987,0.239739,0.224276,229
2.344061,197,1476,3,8,0.331957,0.05676,0.387685,0.223598,0.277398,201
2.088051,200,2868,2,8,0.338503,0.067431,0.357384,0.236682,0.219211,218
2.366675,186,2265,1,10,0.27177,0.108146,0.392907,0.227177,0.310599,173
2.477736,211,2328,3,9,0.226014,0.112003,0.448414,0.213569,0.404804,184
2.326565,209,3063,3,8,0.266802,0.111337,0.391378,0.230482,0.306515,179
2.499023,206,3009,5,7,0.217312,0.128315,0.44651,0.207863,0.411377,245
2.497075,207,4137,2,7,0.269763,0.08582,0.417102,0.227315,0.319601,213
2.265922,209,3342,1,8,0.30157,0.078491,0.393831,0.226109,0.278904,206
2.518465,209,3336,2,13,0.265957,0.105757,0.406758,0.221527,0.336408,237
2.434242,207,3648,4,12,0.272781,0.101705,0.402998,0.222516,0.330814,179
2.009216,183,3426,1,8,0.331311,0.063027,0.3576,0.248062,0.192015,210
2.425462,183,2478,3,6,0.313767,0.084556,0.351502,0.250175,0.189587,172
2.675933,181,2745,1,7,0.258174,0.117847,0.387602,0.236376,0.279188,195
2.692276,181,2787,1,8,0.282966,0.094089,0.377405,0.24554,0.250573,180
2.366898,184,2712,3,7,0.292786,0.094767,0.373409,0.239038,0.251397,198
2.506058,207,2472,4,8,0.204802,0.120056,0.471751,0.20339,0.448264,174
2.410836,182,2424,6,9,0.338822,0.060798,0.348005,0.252375,0.167432,243
2.416587,201,2742,9,9,0.323557,0.075819,0.353822,0.246802,0.201166,216
2.220304,198,2973,3,9,0.326364,0.074812,0.356093,0.242731,0.205893,159
2.440256,198,2835,1,7,0.315559,0.075968,0.375457,0.233017,0.245947,164
2.372633,198,2367,6,8,0.33262,0.062812,0.376874,0.227694,0.251478,163
2.228945,197,2577,3,8,0.334293,0.06873,0.354084,0.242893,0.185183,153
2.392368,198,2598,5,7,0.331201,0.069652,0.361052,0.238095,0.201265,162
2.4734,176,453,1,2,0.248908,0.1082,0.418244,0.224648,0.34899,224
2.620328,196,768,1,1,0.252914,0.087413,0.444056,0.215618,0.378046,162
2.329075,184,2499,4,2,0.276114,0.060546,0.453094,0.210246,0.37153,148
2.549496,177,2982,2,1,0.263246,0.08302,0.43179,0.221944,0.35492,322
2.571818,207,1692,1,2,0.199034,0.118841,0.488406,0.19372,0.462961,155
2.554894,208,3648,4,1,0.197679,0.138104,0.455706,0.208511,0.424687,144
2.605762,208,2070,1,1,0.138715,0.18652,0.488636,0.186129,0.550041,148
2.564997,251,30114,3803,761,0.158088,0.10682,0.366861,0.368232,-0.004473,233
2.406803,206,3687,2,2,0.214489,0.128205,0.428571,0.228734,0.346236,123
2.593371,189,1887,1,2,0.278859,0.092953,0.399481,0.228707,0.307386,267
2.638278,184,2607,1,1,0.290432,0.07536,0.410669,0.223539,0.312175,262
2.541053,176,4086,1,1,0.245788,0.106046,0.423687,0.22448,0.339197,224
2.535385,181,3960,1,1,0.293793,0.073103,0.407816,0.225287,0.30466,245
2.688607,177,1431,1,1,0.263318,0.089802,0.421106,0.225774,0.329109,218
2.624974,184,1179,2,2,0.314029,0.061408,0.388417,0.236146,0.262422,234
2.551764,177,1503,1,1,0.258989,0.100573,0.414278,0.226159,0.317981,206
2.644474,206,3408,2,1,0.141812,0.205201,0.45063,0.202357,0.499283,145
2.706663,179,2604,1,1,0.238733,0.09866,0.439099,0.223508,0.359481,173
2.56979,189,2658,1,2,0.248385,0.071051,0.47798,0.202584,0.4115,151
2.430349,188,2979,2,1,0.226533,0.093867,0.470588,0.209011,0.409268,150
2.601286,189,3117,0,1,0.293729,0.058306,0.435644,0.212321,0.348921,149
2.624078,186,3234,3,2,0.272503,0.064118,0.458076,0.205302,0.38157,138
2.441732,181,3345,8,2,0.225764,0.087833,0.482108,0.204294,0.427364,127
2.538256,187,2679,1,1,0.265885,0.079581,0.445404,0.20913,0.376987,151
2.499404,177,8112,3,8,0.326637,0.075506,0.295831,0.302026,0.001603,483
2.486471,194,9909,8,8,0.290368,0.094571,0.281786,0.333275,-0.095936,494
2.348551,199,9204,6,7,0.270934,0.101915,0.297428,0.329723,-0.043051,445
2.625933,174,14631,5,16,0.226714,0.182464,0.297187,0.293636,0.018058,513
2.497879,211,7227,9,6,0.223235,0.138952,0.401139,0.236674,0.305223,201
2.506827,201,6168,4,11,0.303474,0.09094,0.355586,0.25,0.187704,275
2.575195,209,6213,4,8,0.272241,0.104571,0.383278,0.239911,0.252047,209
2.43525,211,7050,5,7,0.233971,0.120875,0.421694,0.22346,0.338139,280
2.350998,212,4836,6,9,0.225515,0.122823,0.43791,0.213753,0.385584,266
2.526146,209,4632,6,6,0.251643,0.108451,0.398826,0.24108,0.275497,224
2.429415,209,4185,8,9,0.252839,0.104983,0.426883,0.215295,0.357162,254
2.448442,179,6063,3,9,0.319048,0.076508,0.309524,0.294921,0.037865,436
2.450126,178,8274,4,7,0.300931,0.092295,0.305673,0.301101,0.037836,385
2.658327,179,11952,5,10,0.307578,0.087997,0.317979,0.286445,0.066717,434
2.575007,174,12843,3,7,0.303497,0.081718,0.314006,0.300779,0.039069,441
2.476246,180,7938,3,8,0.316595,0.077153,0.307948,0.298304,0.028905,436
2.667879,209,8577,5,9,0.243848,0.116534,0.413667,0.225951,0.330009,229
2.690377,174,8988,4,14,0.249153,0.163657,0.293595,0.293595,0.018652,451
2.441598,196,7419,5,9,0.309176,0.0777,0.289706,0.323418,-0.055499,514
2.306566,196,9621,7,8,0.315319,0.067645,0.298855,0.318182,-0.029958,460
2.529579,193,8337,7,9,0.313815,0.072278,0.286734,0.327173,-0.065111,525
2.427231,191,8490,5,9,0.272459,0.10038,0.292704,0.334458,-0.067153,469
2.35975,196,8637,6,9,0.298258,0.085694,0.28031,0.335738,-0.096251,498
2.591851,195,8964,6,10,0.35701,0.057196,0.285049,0.300745,-0.050285,569
2.842281,182,4350,16,3,0.276465,0.121891,0.332374,0.26927,0.148429,235
2.906066,196,1449,13,1,0.221937,0.149957,0.365895,0.262211,0.200954,198
2.663573,196,477,11,1,0.221519,0.14672,0.371692,0.260069,0.229569,209
2.873823,180,2877,21,4,0.230543,0.162156,0.329348,0.277953,0.115878,253
2.711269,210,3618,15,2,0.143269,0.209541,0.429966,0.217224,0.449504,326
2.607524,212,9162,6,3,0.125559,0.229943,0.431852,0.212645,0.493126,353
2.752577,208,5187,14,2,0.116037,0.238592,0.415906,0.229465,0.437153,333
2.655334,208,7230,6,2,0.21349,0.152816,0.400678,0.233016,0.343832,366
2.605967,213,6789,9,2,0.210895,0.162335,0.392996,0.233774,0.329072,370
2.714341,209,2550,19,2,0.149227,0.194411,0.440547,0.215815,0.448607,380
2.709046,209,5655,10,3,0.174666,0.182027,0.389357,0.253949,0.283079,376
2.938967,182,5076,14,1,0.252797,0.144699,0.344775,0.257728,0.193489,281
2.711831,187,4227,13,1,0.255578,0.131821,0.352335,0.260266,0.193718,323
3.014587,182,3561,14,4,0.252068,0.138441,0.335873,0.273618,0.132309,288
2.955737,179,3573,15,1,0.269207,0.12379,0.333677,0.273326,0.126768,295
2.869578,181,2853,13,5,0.239538,0.141889,0.342168,0.276405,0.148563,308
2.669512,206,3927,15,3,0.131776,0.220425,0.425577,0.222222,0.450387,434
2.968251,181,3918,19,1,0.23555,0.151623,0.353523,0.259303,0.19987,257
2.893896,198,1956,21,3,0.233397,0.138114,0.36333,0.265159,0.214509,246
2.719877,195,4743,15,2,0.244237,0.135457,0.368039,0.252266,0.232371,265
2.860065,194,915,18,1,0.241412,0.137182,0.365506,0.255901,0.221682,271
2.759977,195,504,16,1,0.250886,0.139031,0.331233,0.27885,0.121473,276
2.707324,197,3849,14,3,0.225499,0.160451,0.349523,0.264527,0.183385,259
2.909838,193,3327,20,2,0.205882,0.173624,0.351044,0.26945,0.176488,243
0.686388,190,3474,10,5,0.211758,0.162765,0.362548,0.262929,0.227744,195
0.508725,225,3009,3,11,0.268398,0.11812,0.343537,0.269944,0.141373,219
0.527872,230,1956,12,16,0.268162,0.098761,0.348845,0.284232,0.106736,187
0.706357,194,3570,4,3,0.204539,0.135319,0.428085,0.232057,0.352715,192
0.989621,205,4503,7,3,0.23563,0.157975,0.369623,0.236772,0.280205,180
0.736323,205,4791,4,5,0.239844,0.157813,0.344922,0.257422,0.214571,171
0.96447,205,2649,8,4,0.262429,0.123064,0.367971,0.246536,0.242245,176
0.843785,209,3591,4,5,0.27405,0.112369,0.366209,0.247373,0.24194,173
0.698074,206,3522,8,5,0.270674,0.124647,0.343687,0.260992,0.178744,183
0.829516,199,1998,10,4,0.294531,0.102344,0.339844,0.263281,0.130303,188
0.866026,203,3312,4,6,0.288165,0.105147,0.348878,0.257809,0.176223,160
0.699936,190,4038,6,4,0.235159,0.134294,0.373775,0.256772,0.22824,206
0.720145,191,3063,5,9,0.242007,0.118523,0.399118,0.240353,0.276342,207
0.820376,194,3564,10,4,0.179047,0.174058,0.417129,0.229767,0.378281,191
0.787094,189,2898,5,12,0.224377,0.131425,0.408126,0.236073,0.32049,202
0.750393,192,3495,6,5,0.243077,0.116643,0.40028,0.24,0.273425,189
0.886438,205,4899,7,4,0.254225,0.137399,0.364805,0.243571,0.251941,187
0.770806,189,4035,6,3,0.225275,0.128205,0.390415,0.256105,0.236926,179
0.439739,219,909,3,15,0.237998,0.144025,0.321757,0.296221,0.060272,221
0.67176,214,3198,1,9,0.280795,0.107561,0.327654,0.28399,0.085006,168
0.697255,206,2118,5,2,0.26669,0.101749,0.362728,0.268833,0.166241,188
0.550487,223,1587,2,1,0.264682,0.096541,0.365648,0.27313,0.15744,219
0.645675,210,3342,6,3,0.240283,0.122968,0.359011,0.277739,0.148823,181
0.605182,208,4179,3,3,0.220685,0.144938,0.366351,0.268026,0.198254,136
0.63065,207,3675,7,58,0.244873,0.125772,0.3489,0.280455,0.122543,260
0.790668,217,4392,4,24,0.268788,0.114872,0.333108,0.283232,0.091106,240
0.668408,216,4734,3,29,0.253347,0.124021,0.343774,0.278858,0.104481,154
0.612946,216,6720,7,27,0.244072,0.122874,0.341078,0.291976,0.100598,201
0.730333,207,6714,14,6,0.293746,0.090991,0.36261,0.252653,0.1935,171
0.890501,180,9708,5,10,0.236028,0.123818,0.381986,0.258169,0.229837,216
0.937063,206,7626,6,5,0.302477,0.078766,0.374949,0.243808,0.216837,192
0.84704,209,7605,10,7,0.268694,0.104048,0.383032,0.244226,0.238799,180
0.994477,183,9648,9,9,0.213076,0.151928,0.395108,0.239887,0.285102,183
0.818616,205,7125,10,6,0.287939,0.085323,0.386755,0.239983,0.232309,210
0.816594,207,6636,15,8,0.279096,0.090621,0.383277,0.247006,0.227563,175
0.526834,215,5685,6,21,0.247053,0.126827,0.336869,0.28925,0.096021,204
0.978974,181,7512,6,14,0.269057,0.117679,0.371418,0.241845,0.227622,263
0.88277,209,7605,11,12,0.317395,0.062242,0.369126,0.251237,0.179724,208
1.03321,208,7731,11,5,0.271028,0.097819,0.393769,0.237383,0.258493,169
1.102278,185,8115,6,7,0.21485,0.148709,0.389161,0.24728,0.258723,180
0.855516,206,6765,7,7,0.300186,0.084317,0.365444,0.250052,0.19822,197
0.637424,218,3759,0,42,0.298956,0.100209,0.319833,0.281002,0.064963,293
0.714988,193,2991,4,64,0.260207,0.127926,0.319815,0.292052,0.016871,237
0.48321,218,4686,7,24,0.244916,0.122315,0.334288,0.298482,0.076729,171
0.651596,216,5031,1,28,0.26301,0.110173,0.338022,0.288795,0.103082,174
0.68873,192,3033,2,49,0.270845,0.114441,0.340327,0.274387,0.122478,225
0.597481,211,4629,4,28,0.243831,0.136641,0.327142,0.292385,0.075133,202
0.851585,211,5595,8,23,0.30168,0.094959,0.318288,0.285072,0.064476,245
1.318414,194,9726,15,10,0.287352,0.098331,0.346873,0.267444,0.153498,214
1.240544,207,8046,41,14,0.203326,0.148025,0.394387,0.254262,0.257446,91
1.181832,201,7968,13,15,0.210235,0.14968,0.388486,0.251599,0.276231,121
1.238619,188,8196,9,9,0.266738,0.114011,0.372193,0.247059,0.231586,138
1.610031,185,9237,17,12,0.308533,0.080345,0.355513,0.255609,0.155878,126
1.38037,189,10389,20,17,0.317944,0.075564,0.326961,0.279531,0.088424,181
1.986342,185,8730,19,10,0.255253,0.117899,0.376459,0.250389,0.237048,98
1.476196,188,8247,7,12,0.279509,0.103554,0.364853,0.252084,0.213777,109
1.657594,188,9204,9,8,0.311855,0.082236,0.325205,0.280705,0.092866,154
1.754979,191,8259,12,9,0.287552,0.098357,0.354839,0.259252,0.19806,164
1.472617,201,9126,10,9,0.304274,0.082522,0.340669,0.272535,0.127691,168
1.066404,196,9183,15,4,0.303493,0.081364,0.317507,0.297636,0.031729,131
1.374514,191,8442,8,6,0.303223,0.082697,0.358355,0.255725,0.193863,146
1.621082,188,6762,16,9,0.284631,0.096715,0.362509,0.256145,0.194262,124
1.59163,190,8955,7,5,0.316653,0.077796,0.340622,0.264929,0.134639,127
1.367378,196,8469,13,8,0.296927,0.089286,0.353821,0.259967,0.173995,149
1.99566,199,8400,19,26,0.255146,0.113126,0.381303,0.250425,0.249942,161
1.234623,190,8700,13,7,0.272488,0.110136,0.369899,0.247477,0.233548,97
1.300674,189,8241,19,13,0.274716,0.100612,0.363955,0.260717,0.192897,113
1.04226,192,7050,11,15,0.276387,0.106529,0.343152,0.273932,0.136643,113
1.126833,186,7653,11,9,0.242115,0.130034,0.376759,0.251092,0.237166,102
1.258896,253,30006,857,4831,0.189393,0.118352,0.346278,0.345977,-0.000131,299
0.827543,202,8388,63,19,0.235315,0.114938,0.397752,0.251994,0.268603,214
1.315454,205,8691,77,15,0.216435,0.132199,0.39608,0.255286,0.266056,97
1.721421,183,11964,19,13,0.325328,0.062708,0.364132,0.247832,0.22064,391
1.288424,205,4698,7,62,0.287469,0.085586,0.330262,0.296683,0.083016,214
1.67599,206,6189,9,56,0.317261,0.066038,0.324074,0.292628,0.055147,215
1.862831,184,10734,12,6,0.334355,0.058338,0.348379,0.258928,0.170297,339
1.891119,195,9510,15,11,0.34762,0.044531,0.336905,0.270943,0.112175,365
1.697978,201,9723,10,10,0.329829,0.051894,0.367974,0.250303,0.208036,326
1.791977,197,8568,10,7,0.347172,0.044859,0.343968,0.264001,0.144944,328
1.834792,197,8166,16,8,0.348649,0.045948,0.335143,0.270259,0.118899,333
1.639301,202,8610,14,15,0.330257,0.055649,0.358781,0.255313,0.195276,332
1.817942,200,7509,19,15,0.332123,0.052504,0.353306,0.262067,0.161747,303
1.952505,200,7332,12,10,0.325394,0.055681,0.348246,0.270679,0.141337,255
1.531901,178,9672,14,8,0.328351,0.055516,0.368209,0.247924,0.223056,358
1.60936,187,10179,14,7,0.348888,0.048226,0.346242,0.256645,0.160997,343
2.092927,186,11457,17,9,0.363196,0.048139,0.340139,0.248526,0.164726,419
2.156104,178,10782,18,5,0.32297,0.06732,0.358005,0.251704,0.197777,283
1.771562,183,11736,14,8,0.337142,0.059374,0.358588,0.244896,0.204667,421
1.848789,197,11076,18,10,0.347798,0.04898,0.323892,0.27933,0.086748,377
1.828468,183,11271,19,3,0.310245,0.070948,0.371212,0.247595,0.22901,307
1.301731,205,5049,11,76,0.264069,0.09182,0.335612,0.308499,0.04576,241
0.977607,209,4977,8,53,0.275773,0.089777,0.314648,0.319802,0.008675,246
1.326542,203,4362,6,82,0.272599,0.087562,0.338683,0.301156,0.084839,323
1.358723,210,6591,9,36,0.305577,0.072193,0.317227,0.305004,0.026383,202
1.119795,207,6630,17,57,0.281942,0.084272,0.329126,0.30466,0.035321,220
1.516629,210,6438,5,51,0.294992,0.077856,0.340571,0.286581,0.073231,222
1.862525,201,13830,24,5,0.320544,0.07514,0.350253,0.254063,0.166618,283
2.208758,180,16149,27,6,0.194341,0.144981,0.435048,0.22563,0.390547,338
1.943703,184,12081,38,4,0.206835,0.13469,0.428541,0.229934,0.365243,356
1.947768,202,12195,17,5,0.304013,0.088858,0.355943,0.251186,0.197538,334
2.355289,199,11505,30,4,0.313907,0.072259,0.36262,0.251214,0.208085,292
1.874753,203,12549,25,8,0.309779,0.073863,0.366254,0.250104,0.210918,291
2.229961,199,11406,24,3,0.29481,0.086679,0.377141,0.24137,0.253557,326
2.199571,199,15648,30,5,0.303004,0.07815,0.378786,0.24006,0.255473,333
2.039962,199,14292,36,7,0.303741,0.076309,0.375312,0.244638,0.229812,312
2.199867,201,10425,26,7,0.304015,0.075844,0.37731,0.24283,0.237802,318
2.312461,197,13461,29,7,0.291626,0.076216,0.399331,0.232827,0.284545,300
1.579455,199,9042,24,6,0.316619,0.069054,0.369628,0.244699,0.222227,300
1.979711,198,12612,31,7,0.291712,0.076839,0.389544,0.241904,0.258785,328
2.303879,206,16452,34,5,0.302122,0.07627,0.37672,0.244887,0.236749,284
2.2817,199,15129,31,4,0.289329,0.082233,0.390402,0.238036,0.271103,274
2.127374,201,11412,20,8,0.328143,0.059902,0.362552,0.249403,0.195601,288
2.286351,199,15942,28,11,0.311207,0.067186,0.377855,0.243752,0.229983,322
1.97774,201,14208,26,4,0.325691,0.064542,0.358134,0.251634,0.197355,344
2.300498,184,20529,38,4,0.23183,0.114212,0.418224,0.235734,0.325485,379
2.124143,181,26496,26,4,0.22049,0.134658,0.412284,0.232568,0.328485,381
2.27333,180,19689,25,10,0.193729,0.15264,0.435934,0.217697,0.399583,395
2.497,178,19644,42,4,0.211834,0.128888,0.42921,0.230068,0.350583,358
2.18252,182,21711,37,3,0.212793,0.133937,0.428547,0.224723,0.367774,369
2.177127,182,18963,31,3,0.180757,0.165679,0.422366,0.231197,0.374083,321
2.483758,179,11238,22,23,0.283051,0.092225,0.380917,0.243807,0.240313,287
2.568234,178,11082,21,3,0.259025,0.097213,0.413711,0.230051,0.306378,179
2.34841,178,10212,22,4,0.271342,0.094573,0.402253,0.231831,0.288756,175
1.993494,184,10746,24,7,0.266078,0.097985,0.38987,0.246067,0.261688,163
2.113634,201,6117,11,8,0.2684,0.093739,0.411022,0.22684,0.322154,149
1.590693,205,6021,13,14,0.302044,0.077593,0.374527,0.245836,0.227512,139
2.200006,202,5655,15,7,0.25471,0.100603,0.417671,0.227016,0.338894,154
2.097893,203,6156,9,6,0.272165,0.095229,0.399266,0.23334,0.295541,150
1.768971,203,7851,10,5,0.275497,0.091213,0.396247,0.237043,0.276171,133
2.286029,200,7041,18,8,0.245263,0.108553,0.415973,0.230211,0.329143,145
2.206295,202,8040,22,7,0.251635,0.098795,0.420998,0.228571,0.323812,153
2.85467,180,12189,23,5,0.292927,0.084979,0.373157,0.248938,0.225065,215
1.853456,200,7479,15,4,0.269161,0.097348,0.39466,0.23883,0.257691,148
2.360261,202,7707,26,4,0.257153,0.090047,0.415131,0.237669,0.298082,160
2.135358,202,7923,10,5,0.24012,0.11013,0.42347,0.226279,0.349696,145
1.792642,201,7113,12,12,0.270218,0.087092,0.415435,0.227255,0.325943,183
2.165095,202,7350,17,19,0.259203,0.096395,0.417268,0.227135,0.327763,152
2.218154,184,15006,15,4,0.269608,0.097426,0.386336,0.24663,0.256789,184
2.385969,185,9993,23,5,0.252265,0.110157,0.386584,0.250993,0.258406,241
2.003284,197,5835,15,5,0.293135,0.082094,0.36647,0.258301,0.188066,221
1.655996,201,7380,18,4,0.290835,0.078086,0.357683,0.273397,0.125131,265
1.919711,199,8610,15,4,0.308499,0.077568,0.343009,0.270924,0.121764,329
2.138161,200,8583,17,6,0.261511,0.096661,0.407206,0.234622,0.300129,211
2.39573,179,10263,15,4,0.268052,0.092841,0.405235,0.233872,0.283837,182
2.133949,179,7938,7,8,0.199146,0.17236,0.373641,0.254852,0.268267,294
2.274592,209,3618,7,19,0.245875,0.140384,0.34244,0.271301,0.1792,194
2.104262,205,4548,12,21,0.231481,0.145425,0.33878,0.284314,0.127021,198
2.230698,181,8538,6,3,0.187608,0.189532,0.374832,0.248028,0.287133,268
2.351545,202,3804,5,9,0.198727,0.198149,0.320509,0.282615,0.097547,166
2.152326,201,4797,3,10,0.226974,0.179452,0.331297,0.262277,0.155563,191
2.385142,202,2919,5,9,0.234109,0.178656,0.328799,0.258436,0.176753,170
2.432775,196,4140,4,8,0.220944,0.18412,0.336018,0.258918,0.188222,214
2.187362,198,5181,8,9,0.212798,0.188928,0.314627,0.283647,0.071836,172
2.380929,198,3405,5,6,0.232796,0.16369,0.326501,0.277013,0.101514,173
2.449437,180,7773,5,5,0.204793,0.172694,0.380056,0.242457,0.307267,251
2.054117,177,7290,4,6,0.207146,0.188856,0.33071,0.273288,0.148489,217
2.317206,179,6993,2,7,0.177061,0.204536,0.365242,0.253162,0.264468,254
2.451674,179,7800,5,5,0.19045,0.183734,0.388174,0.237642,0.334229,321
2.46279,179,9687,5,5,0.192685,0.179864,0.394042,0.233409,0.340086,296
2.367019,182,7446,4,6,0.187741,0.187741,0.384841,0.239677,0.318596,308
2.388426,199,3804,5,8,0.211598,0.205368,0.312006,0.271028,0.120605,190
2.300386,182,8493,5,4,0.216904,0.16696,0.365776,0.25036,0.254181,326
2.108388,211,3621,6,23,0.260146,0.10978,0.325128,0.304946,0.060879,316
1.992476,206,4539,16,21,0.248521,0.104142,0.330769,0.316568,0.032668,249
2.163682,204,5595,12,12,0.258916,0.112442,0.335965,0.292676,0.059529,213
2.148823,202,4431,14,20,0.234686,0.14545,0.343332,0.276531,0.111649,242
1.8447,218,5262,16,14,0.243859,0.131815,0.32145,0.302876,0.052264,207
2.263553,207,4368,5,33,0.191597,0.194829,0.358957,0.254617,0.222285,252
2.224855,184,9855,5,5,0.24624,0.129351,0.382037,0.242372,0.263679,408
2.057796,217,6255,1,21,0.270309,0.099613,0.352756,0.277321,0.131417,261
1.856676,216,7962,2,15,0.223978,0.131506,0.389638,0.254879,0.241566,260
2.303072,185,12120,6,6,0.216972,0.149993,0.398609,0.234426,0.318663,380
2.497846,200,6321,3,5,0.283186,0.110796,0.33646,0.269558,0.126554,288
2.315046,200,8067,4,3,0.262879,0.121418,0.366738,0.248965,0.217356,288
2.497812,201,5427,5,9,0.251101,0.132893,0.363069,0.252937,0.213272,279
2.503153,195,9531,5,5,0.276528,0.108592,0.349513,0.265368,0.166056,309
2.261078,202,10518,10,7,0.281429,0.093929,0.385536,0.239107,0.27483,332
2.555938,187,14499,6,5,0.22131,0.151908,0.387041,0.239741,0.29357,457
2.501974,183,12147,13,6,0.241653,0.133223,0.380496,0.244628,0.258845,409
2.053039,185,11580,4,3,0.243693,0.123725,0.378019,0.254563,0.236024,384
2.371914,183,9387,3,8,0.279959,0.108802,0.353477,0.257762,0.193169,473
2.544558,184,12564,9,7,0.219042,0.144991,0.390168,0.2458,0.277211,427
2.543688,184,12009,4,6,0.210511,0.142604,0.41364,0.233245,0.344581,371
2.358491,189,11943,6,5,0.238562,0.114614,0.404897,0.241928,0.291879,373
2.519696,203,9348,8,7,0.264964,0.123998,0.35372,0.257319,0.193933,316
2.347437,189,10617,8,3,0.243922,0.129746,0.391423,0.234908,0.300315,373
1.919952,219,8241,2,30,0.229846,0.11235,0.380789,0.277015,0.19936,362
1.611147,217,7299,7,31,0.2401,0.123331,0.365015,0.271555,0.178417,313
2.135066,212,5979,6,43,0.23909,0.135208,0.338688,0.287015,0.120053,274
2.017496,216,6795,7,32,0.252097,0.111836,0.372554,0.263514,0.199104,271
1.774259,213,5928,6,34,0.244381,0.123864,0.352463,0.279292,0.167896,293
2.180335,220,7464,5,27,0.240472,0.118342,0.385781,0.255405,0.225834,236
2.498052,208,3960,9,12,0.329888,0.061191,0.340223,0.268697,0.130827,159
2.601026,205,3006,5,10,0.275566,0.106552,0.356399,0.261482,0.177745,124
2.430483,204,4611,5,7,0.28351,0.091074,0.346445,0.278971,0.115564,164
2.515783,207,4428,14,8,0.305578,0.078095,0.36381,0.252517,0.211646,177
2.432926,206,4713,10,15,0.340915,0.047929,0.320065,0.291091,0.06577,166
2.170353,209,4392,1,9,0.347973,0.054617,0.300957,0.296453,0.006224,167
2.475742,204,3660,4,18,0.312895,0.081542,0.339444,0.266119,0.137842,130
2.388347,209,4677,6,7,0.362114,0.050759,0.304814,0.282313,0.031209,194
2.245468,213,4524,11,15,0.353219,0.048471,0.318668,0.279642,0.078949,167
2.496407,218,3258,21,11,0.341008,0.063188,0.340752,0.255052,0.158599,175
2.412364,205,3708,6,25,0.323145,0.07641,0.351487,0.248958,0.194233,192
2.336466,202,3321,5,14,0.314854,0.075338,0.323738,0.28607,0.083581,141
2.169032,210,4836,12,7,0.353705,0.044348,0.316928,0.285019,0.064894,177
2.571769,212,2694,14,10,0.339296,0.059435,0.344778,0.256492,0.170842,177
2.460881,215,3921,6,13,0.34577,0.062533,0.337625,0.254073,0.150783,173
2.224549,215,4752,10,11,0.304477,0.070857,0.346576,0.278091,0.117761,188
2.458323,218,2874,6,8,0.317932,0.082876,0.355183,0.244008,0.218491,179
2.607033,202,3966,5,6,0.315109,0.080541,0.364785,0.239565,0.220807,139
2.560151,206,3621,5,7,0.34398,0.053338,0.346854,0.255829,0.167599,137
2.438289,210,3780,6,9,0.347081,0.054894,0.322974,0.275051,0.093311,142
2.534297,209,2808,10,8,0.288519,0.086853,0.386377,0.238251,0.268778,133
2.571127,199,3570,20,12,0.311305,0.070943,0.352446,0.265306,0.178759,147
2.415701,206,4071,6,10,0.297732,0.087568,0.352283,0.262417,0.150807,142
2.554427,197,3321,7,12,0.256575,0.12059,0.372033,0.250802,0.260841,104
2.489046,200,2889,12,7,0.197042,0.136146,0.450196,0.216616,0.41327,122
2.539682,203,3153,5,7,0.251251,0.127127,0.388722,0.2329,0.308944,121
2.307862,209,2949,6,21,0.199572,0.159658,0.409123,0.231646,0.357309,114
2.546152,202,3342,8,2,0.167233,0.167233,0.459253,0.206282,0.457496,125
2.623605,203,4002,13,4,0.173271,0.157152,0.471457,0.19812,0.481827,152
2.428682,205,4431,10,6,0.234193,0.121159,0.420699,0.223949,0.344049,143
2.629193,202,4077,8,6,0.190563,0.166606,0.425408,0.217423,0.402774,146
2.700508,205,3912,7,2,0.191874,0.157046,0.445985,0.205095,0.446267,137
2.450027,203,3060,4,3,0.227751,0.128241,0.426769,0.217239,0.394019,127
2.635449,203,3888,10,2,0.164676,0.176982,0.442997,0.215346,0.439299,138
2.670505,203,3843,7,4,0.211379,0.146543,0.433675,0.208402,0.413321,191
2.335862,252,33681,3581,2036,0.175861,0.100391,0.363535,0.360213,-0.000914,275
2.518427,211,4062,10,7,0.249924,0.109019,0.426663,0.214394,0.372708,195
2.691862,202,3687,10,4,0.17959,0.164149,0.453844,0.202417,0.458176,149
2.580186,200,2448,8,4,0.186502,0.149492,0.45537,0.208636,0.450588,161
2.404927,207,3285,11,3,0.154003,0.191995,0.443012,0.210991,0.459528,132
2.664185,203,4104,7,8,0.139165,0.192843,0.470179,0.197813,0.502468,121
2.56569,200,3009,8,7,0.176748,0.169678,0.446583,0.206991,0.467536,120
2.570639,198,4668,7,4,0.239161,0.112587,0.425524,0.222727,0.355046,168
2.499785,200,3144,11,7,0.25274,0.113699,0.396233,0.237329,0.29061,150
2.6236,203,4281,5,3,0.221209,0.141506,0.416413,0.220871,0.381563,139
2.503903,198,3483,7,6,0.226871,0.134741,0.402687,0.235701,0.314645,164
2.384082,201,4389,8,8,0.210361,0.141757,0.432272,0.215611,0.39744,99
2.579008,195,3498,10,4,0.195359,0.130988,0.461826,0.211826,0.426004,144
0.636707,207,4881,6,10,0.353035,0.04842,0.307115,0.29143,0.017767,282
0.731304,213,5964,13,8,0.331874,0.048945,0.330084,0.289097,0.075918,250
0.58607,211,5877,20,11,0.274798,0.075937,0.367584,0.28168,0.138999,234
0.882047,211,5721,8,20,0.3422,0.053012,0.33935,0.265438,0.129099,280
0.867494,206,5217,5,16,0.316236,0.069286,0.349535,0.264943,0.159853,306
0.687045,210,5289,13,15,0.304273,0.075529,0.335347,0.284851,0.094017,258
0.954156,201,6747,9,8,0.313468,0.063647,0.356853,0.266031,0.169293,321
0.861691,209,5898,9,15,0.333609,0.051261,0.352418,0.262712,0.16705,257
0.691249,208,5913,16,15,0.309671,0.0661,0.326886,0.297343,0.055161,249
1.017382,206,8796,12,4,0.349676,0.040988,0.323593,0.285742,0.067187,320
0.789707,207,5070,12,9,0.324387,0.059342,0.339065,0.277207,0.11136,236
0.465389,209,4332,16,17,0.317847,0.049218,0.345446,0.287488,0.101307,281
0.695434,208,6069,9,11,0.336634,0.053861,0.337426,0.272079,0.11777,311
1.047498,207,7152,19,9,0.351458,0.039007,0.321316,0.288219,0.064138,365
0.906742,203,6585,11,19,0.307626,0.061268,0.36054,0.270566,0.158802,260
0.714918,253,22488,233,5814,0.215289,0.122607,0.331911,0.330193,-0.000769,497
0.965804,201,5640,11,12,0.332109,0.050723,0.344274,0.272894,0.131729,305
0.820603,206,6765,14,12,0.309772,0.070471,0.334895,0.284863,0.102354,228
0.742347,208,4566,15,11,0.315857,0.062234,0.335678,0.286232,0.085095,250
0.566798,212,5922,10,11,0.271814,0.087711,0.339196,0.301279,0.07753,268
0.773142,206,6219,10,12,0.303528,0.073465,0.350411,0.272595,0.154433,220
0.754559,209,3981,11,15,0.320051,0.060195,0.334252,0.285502,0.085398,251
0.614227,209,5577,8,17,0.310498,0.059609,0.347865,0.282028,0.122627,258
0.73115,209,6570,10,13,0.292391,0.075638,0.369609,0.262362,0.204488,232
1.101132,205,4497,4,5,0.226376,0.135119,0.405652,0.232853,0.33485,225
1.078221,204,3978,5,7,0.229098,0.1476,0.378509,0.244793,0.26695,167
0.765506,203,3996,8,8,0.2033,0.163036,0.39967,0.233993,0.342224,136
1.147466,202,5226,16,12,0.192585,0.157055,0.430227,0.220134,0.395532,180
1.03034,204,4479,7,10,0.16191,0.189901,0.429473,0.218716,0.417113,173
0.890305,203,6099,12,9,0.246162,0.113101,0.413511,0.227226,0.328138,184
1.309659,200,4329,12,8,0.147858,0.202173,0.417622,0.232348,0.385376,138
1.003825,206,4731,6,8,0.161008,0.191676,0.426616,0.220701,0.417443,173
0.857033,205,6117,12,7,0.248024,0.112924,0.413969,0.225083,0.330879,184
1.440539,202,6054,16,10,0.146513,0.206581,0.412118,0.234787,0.370548,148
1.09398,205,5010,10,9,0.188491,0.179683,0.395479,0.236348,0.341872,150
0.874654,204,5001,9,21,0.277369,0.103093,0.365979,0.253559,0.225202,364
0.971722,205,6126,5,9,0.23538,0.129473,0.398312,0.236834,0.299671,162
1.454195,206,4281,9,8,0.176138,0.184301,0.409419,0.230141,0.376338,113
1.133037,210,4824,8,9,0.173673,0.173119,0.437223,0.215985,0.432773,147
0.980345,208,3834,4,9,0.179039,0.183697,0.40786,0.229403,0.377071,279
1.257777,205,4170,12,4,0.144932,0.204236,0.416641,0.234191,0.387844,138
1.066431,205,4149,4,6,0.210256,0.151131,0.409955,0.228658,0.351699,164
1.1591,204,4389,7,11,0.214566,0.157983,0.39972,0.227731,0.354317,200
0.845178,202,3651,3,13,0.200242,0.165707,0.387155,0.246895,0.29454,113
1.229392,207,6138,6,21,0.220677,0.133561,0.423773,0.221989,0.385883,205
1.079637,206,5487,10,8,0.252346,0.107536,0.404666,0.235452,0.314938,206
0.850734,204,4452,5,10,0.217261,0.147138,0.391369,0.244231,0.27335,108
1.10329,211,2898,9,7,0.169758,0.173959,0.427371,0.228911,0.379129,131
0.994511,220,2799,4,4,0.094349,0.293503,0.336819,0.27533,0.198147,245
1.04799,205,3462,5,3,0.093333,0.288395,0.37358,0.244691,0.368577,128
0.927004,252,15846,306,5052,0.129703,0.207179,0.337328,0.32579,0.021879,341
1.046353,213,4377,5,6,0.173077,0.197398,0.379808,0.249717,0.296014,301
1.159538,207,4338,5,6,0.07153,0.283557,0.38615,0.258763,0.338921,254
0.931122,207,7089,7,3,0.121396,0.234311,0.334383,0.30991,0.049015,172
1.266279,208,4869,13,5,0.087512,0.289086,0.367257,0.256146,0.319543,158
1.194253,252,23322,690,9005,0.133947,0.195335,0.337448,0.333271,0.005627,381
0.873265,211,8052,4,3,0.084252,0.28981,0.334804,0.291134,0.103305,197
1.223203,208,3969,3,7,0.079237,0.29092,0.363794,0.26605,0.263362,113
1.036645,211,3756,5,5,0.160789,0.19573,0.351019,0.292462,0.134302,279
0.814157,204,3951,8,4,0.08344,0.279408,0.352896,0.284256,0.182677,127
0.882723,207,5037,3,5,0.10439,0.252195,0.32561,0.317805,0.006234,234
1.263123,196,2685,4,23,0.083194,0.300596,0.331108,0.285101,0.143271,153
1.183863,210,5100,4,3,0.128236,0.246839,0.345876,0.279049,0.165665,117
0.818982,210,4743,1,4,0.12261,0.245219,0.330709,0.301462,0.086989,281
1.302903,207,2712,3,7,0.114547,0.254654,0.369517,0.261281,0.280182,138
1.215821,209,3030,8,7,0.101075,0.271207,0.334289,0.293429,0.10219,243
0.989511,209,4140,2,7,0.077361,0.312767,0.301851,0.308021,-0.015973,144
0.882829,200,5784,3,2,0.105192,0.290958,0.340421,0.263429,0.222301,200
1.142164,212,3714,2,9,0.104055,0.275037,0.363459,0.25745,0.292234,193
1.012848,252,15528,542,6165,0.126282,0.203103,0.334098,0.336517,0.004995,371
0.929706,205,4374,7,3,0.074083,0.306061,0.377151,0.242704,0.399411,139
1.191219,203,5967,9,2,0.089807,0.262489,0.425065,0.222639,0.50244,135
1.686621,196,8205,15,10,0.322415,0.060379,0.370955,0.246251,0.212206,238
1.686806,196,7197,14,8,0.182385,0.16909,0.433319,0.215206,0.426954,184
1.383029,200,7713,17,22,0.203938,0.161342,0.412096,0.222624,0.373388,195
1.758994,198,6162,7,11,0.24049,0.110188,0.425011,0.224311,0.352088,237
1.868428,218,6759,10,62,0.269114,0.1071,0.368022,0.255765,0.213939,258
1.438726,216,8313,3,39,0.275339,0.107041,0.348753,0.268866,0.153997,266
1.878038,217,7515,8,36,0.244528,0.135089,0.375171,0.245212,0.245144,234
1.888544,215,6714,5,9,0.247236,0.134003,0.368509,0.250251,0.242538,224
1.495504,216,6933,10,56,0.291168,0.094871,0.344748,0.269212,0.138935,267
1.860092,214,5997,4,61,0.276596,0.105212,0.349795,0.268397,0.163297,198
1.768935,206,7104,8,51,0.263838,0.111781,0.385096,0.239285,0.277134,278
1.184645,198,8256,14,14,0.27139,0.100267,0.352941,0.275401,0.145794,262
1.549823,210,8787,11,13,0.284655,0.100142,0.343794,0.271408,0.149219,282
2.037263,209,5151,12,29,0.249948,0.136053,0.35701,0.256989,0.185453,176
1.924739,206,5118,14,11,0.231141,0.141852,0.355839,0.271168,0.171024,173
1.568057,207,6891,18,19,0.245178,0.135448,0.337763,0.281612,0.129475,179
1.785512,226,6867,9,47,0.250359,0.122845,0.367277,0.259519,0.206562,279
1.753592,196,6996,28,17,0.244885,0.10808,0.39471,0.252325,0.26972,283
1.700959,187,7677,26,5,0.284604,0.093468,0.359588,0.26234,0.178139,222
1.259312,189,6978,7,10,0.333486,0.059445,0.338306,0.268763,0.133732,241
1.866586,184,8223,18,7,0.329338,0.049856,0.363615,0.257191,0.191576,266
1.695434,201,9777,10,14,0.217158,0.148602,0.406549,0.227691,0.337518,273
1.532142,195,10479,21,20,0.191497,0.15944,0.432597,0.216467,0.401185,246
1.866814,202,7986,15,11,0.173217,0.164119,0.449236,0.213428,0.436427,179
1.265756,210,4125,7,6,0.290264,0.092548,0.3747,0.242488,0.241472,148
1.167669,206,3288,2,4,0.236305,0.12515,0.420632,0.217913,0.394791,130
0.921365,208,3843,6,3,0.22423,0.156627,0.399933,0.21921,0.37124,130
1.595205,207,3651,15,8,0.237087,0.126724,0.391723,0.244466,0.297569,151
1.570169,209,3423,3,10,0.216516,0.155421,0.396106,0.231957,0.33933,130
1.403356,204,4020,8,9,0.217921,0.16367,0.376105,0.242304,0.300899,129
1.845025,211,4473,7,6,0.191137,0.182275,0.380502,0.246086,0.309534,150
1.576537,208,4926,6,13,0.250268,0.142551,0.35075,0.256431,0.221232,158
1.317905,253,28710,1369,10235,0.192899,0.118138,0.344133,0.344829,-0.006824,395
1.780241,203,3834,1,13,0.214634,0.156794,0.401742,0.226829,0.353743,125
1.664322,205,4485,5,15,0.219094,0.163403,0.387699,0.229804,0.335834,133
0.932583,219,3672,2,10,0.258262,0.132191,0.358017,0.25153,0.228016,127
1.33594,206,4305,2,15,0.231142,0.164014,0.365052,0.239792,0.2812,148
1.843474,205,3573,3,17,0.198265,0.157373,0.436803,0.207559,0.458546,148
1.620905,212,3897,5,13,0.173638,0.199519,0.407463,0.21938,0.412263,168
1.503241,206,4017,3,12,0.235079,0.137028,0.394336,0.233557,0.31877,150
1.812756,204,4134,8,13,0.198422,0.17233,0.398968,0.230279,0.352498,159
1.510344,210,3948,3,6,0.239963,0.1385,0.382197,0.23934,0.274466,137
1.347707,211,4530,4,11,0.249875,0.138485,0.366282,0.245359,0.233217,167
0.848832,211,4404,2,7,0.264145,0.11932,0.374084,0.242451,0.256598,147
1.451704,206,2949,4,10,0.221572,0.161787,0.386441,0.2302,0.326013,140
1.203701,217,4332,4,12,0.273708,0.094832,0.417093,0.214367,0.360277,241
0.928116,205,5337,7,7,0.302668,0.08615,0.365692,0.245489,0.234245,271
1.610435,199,5433,4,8,0.215021,0.165638,0.382716,0.236626,0.319708,199
1.628268,209,4620,5,12,0.359401,0.046585,0.356505,0.237509,0.2132,186
1.561894,204,4371,5,12,0.332794,0.068826,0.337382,0.260999,0.170104,152
1.427525,204,4959,6,7,0.346873,0.044487,0.347195,0.261444,0.15531,184
1.896835,208,4845,24,14,0.309797,0.074159,0.380405,0.235638,0.261778,183
1.832891,208,5445,16,11,0.29744,0.074162,0.395883,0.232515,0.291894,137
1.467081,210,4161,1,15,0.363214,0.049467,0.331511,0.255808,0.138837,149
2.046411,207,5265,5,18,0.339736,0.052581,0.373349,0.234334,0.242127,174
1.835987,206,3732,11,33,0.283884,0.076556,0.409592,0.229967,0.299205,151
1.525416,208,4983,4,7,0.311867,0.086471,0.34147,0.260192,0.156472,171
2.021017,201,4593,7,5,0.27888,0.104434,0.36727,0.249417,0.236923,139
1.733079,210,4527,5,20,0.35555,0.055627,0.343502,0.245322,0.191379,209
1.317457,209,4140,4,11,0.339355,0.057032,0.356129,0.247484,0.193488,169
1.565784,210,6618,13,5,0.34723,0.0565,0.323642,0.272628,0.100272,150
2.034388,212,5352,6,6,0.318115,0.063328,0.378252,0.240304,0.254318,166
1.93281,202,4251,13,13,0.326444,0.069422,0.365925,0.238209,0.231643,165
1.59302,209,5847,5,8,0.338044,0.05767,0.357876,0.24641,0.209156,185
2.117154,207,5979,15,10,0.325779,0.050992,0.386213,0.237016,0.25582,126
1.696375,207,5142,3,18,0.342078,0.055556,0.368056,0.234311,0.240769,177
1.616138,207,4482,11,10,0.329543,0.055053,0.374257,0.241148,0.23235,181
1.379642,207,4608,5,29,0.3338,0.046886,0.394682,0.224633,0.292503,177
1.754948,204,4917,14,7,0.315111,0.067045,0.375709,0.242135,0.243215,185
1.716236,205,4791,10,11,0.353575,0.054345,0.336854,0.255226,0.153049,159
1.375857,206,4929,2,17,0.352288,0.058641,0.326744,0.262328,0.124973,169
1.676129,205,4353,9,4,0.291917,0.080828,0.385438,0.241817,0.252443,133
2.106271,200,8994,5,5,0.151797,0.249071,0.33798,0.261152,0.20928,201
2.156916,201,7866,5,5,0.121682,0.281878,0.315329,0.281111,0.114136,188
1.792511,200,8043,8,3,0.148865,0.259156,0.321543,0.270436,0.13926,203
2.232725,199,7452,5,6,0.179791,0.208982,0.348035,0.263192,0.213978,209
2.25773,199,7962,9,1,0.132969,0.275046,0.325882,0.266104,0.176311,157
2.05598,198,7392,9,3,0.122609,0.277325,0.337049,0.263018,0.22156,224
2.320009,252,78300,8260,4299,0.16509,0.108093,0.363415,0.363402,-0.00253,431
2.175683,201,7608,15,4,0.15056,0.246386,0.342699,0.260354,0.222571,178
2.014097,204,9048,8,3,0.175514,0.223932,0.362269,0.238285,0.313879,189
2.385715,204,7980,5,3,0.127279,0.274399,0.348605,0.249718,0.285323,151
2.374486,202,7851,6,2,0.141014,0.269129,0.342275,0.247581,0.279507,177
1.741857,207,8385,5,11,0.189795,0.200845,0.359441,0.249919,0.264905,196
2.128113,204,7686,22,1,0.156614,0.208466,0.397002,0.237919,0.342447,207
2.442355,201,7797,11,9,0.17866,0.219913,0.358096,0.243331,0.278729,205
2.269917,205,6438,7,3,0.162388,0.248395,0.339217,0.25,0.252497,175
2.216895,199,7458,8,8,0.161211,0.250154,0.323348,0.265287,0.171652,268
2.328057,202,7392,8,6,0.156757,0.240105,0.346992,0.256146,0.247915,177
2.312587,202,8541,7,1,0.143311,0.261774,0.336608,0.258307,0.220964,186
2.123693,198,9240,9,3,0.143237,0.262291,0.335371,0.259102,0.202007,238
1.703962,203,7752,7,2,0.12819,0.279511,0.338158,0.254141,0.249016,169
2.332376,205,7050,12,9,0.130296,0.27491,0.327549,0.267245,0.16969,159
2.175913,198,8868,8,2,0.155134,0.247889,0.331901,0.265076,0.18586,199
1.8949,200,5643,5,8,0.162558,0.246802,0.329173,0.261466,0.176018,199
2.439042,205,7905,8,3,0.120849,0.28461,0.325853,0.268688,0.19749,155
2.309331,202,7863,13,1,0.213206,0.17105,0.310017,0.305727,0.015519,253
2.461832,206,8691,23,1,0.219461,0.155596,0.313752,0.311191,0.015724,297
2.190959,197,7806,10,7,0.215997,0.177657,0.314163,0.292183,0.034296,276
2.569955,197,10287,11,5,0.264836,0.118198,0.332237,0.284728,0.094314,317
2.322627,211,8076,11,7,0.202703,0.180789,0.303871,0.312637,-0.027654,267
2.18492,210,7893,16,5,0.191578,0.191926,0.312163,0.304333,0.011065,297
2.528041,192,6357,16,2,0.206083,0.175669,0.311484,0.306765,0.017771,283
2.417964,196,7488,14,5,0.206416,0.179683,0.290052,0.32385,-0.062802,256
2.227227,201,7941,21,1,0.19709,0.180811,0.317804,0.304295,0.047061,270
2.657999,200,8907,6,2,0.222057,0.170546,0.316493,0.290903,0.057759,294
2.489617,204,8109,10,5,0.193798,0.197427,0.298862,0.309913,-0.01724,260
2.022549,209,7173,15,7,0.20161,0.169411,0.327479,0.3015,0.054087,276
2.324738,198,7440,15,8,0.209397,0.17323,0.30894,0.308433,0.001903,309
2.671889,193,5439,14,1,0.222691,0.165086,0.308044,0.30418,0.006284,272
2.578429,204,6057,13,1,0.217474,0.173029,0.297436,0.312061,-0.030017,275
2.28708,191,9033,11,16,0.218402,0.167649,0.293549,0.320399,-0.046189,306
2.475274,209,7401,13,7,0.199666,0.186299,0.321637,0.292398,0.063392,290
2.445485,209,8664,21,8,0.18122,0.194736,0.321714,0.30233,0.042642,336
2.372987,210,9750,12,12,0.216659,0.173995,0.323901,0.285445,0.077511,316
1.977081,206,8319,14,5,0.224819,0.154532,0.315117,0.305532,0.021281,326
2.476475,213,8877,18,4,0.234431,0.155617,0.308762,0.30119,0.007143,297
2.576584,206,11109,13,1,0.193473,0.18073,0.307692,0.318104,-0.0199,277
2.156633,202,6279,20,1,0.206819,0.177889,0.318753,0.296539,0.042101,251
2.506717,198,6249,15,6,0.250716,0.134619,0.304946,0.309719,-0.004375,277
2.263979,175,2172,3,6,0.173172,0.214953,0.329302,0.282573,0.136269,116
2.386244,175,3453,3,6,0.225434,0.182081,0.325144,0.267341,0.151414,131
2.214068,182,3516,2,8,0.210109,0.194252,0.319128,0.276511,0.125267,131
2.431323,178,2940,1,6,0.161049,0.234885,0.321027,0.283039,0.133975,112
2.399806,177,3270,1,6,0.218381,0.175379,0.317454,0.288786,0.091718,153
2.376878,178,2220,2,6,0.208507,0.186315,0.31669,0.288488,0.100106,139
2.41454,177,3483,2,6,0.185249,0.217354,0.315835,0.281562,0.110281,146
2.369189,178,2190,1,6,0.186635,0.200955,0.316945,0.295465,0.089091,151
2.238717,178,2517,4,6,0.19649,0.194539,0.319356,0.289615,0.097338,155
2.512129,175,2721,3,6,0.200624,0.18711,0.331081,0.281185,0.157606,138
2.51421,177,2661,0,6,0.190228,0.219864,0.318783,0.271125,0.149313,169
2.145335,179,2430,2,6,0.186508,0.203373,0.315972,0.294147,0.106908,165
2.46058,176,3078,1,7,0.191164,0.203059,0.327952,0.277825,0.144554,160
2.594777,178,3483,3,6,0.230235,0.16768,0.32841,0.273675,0.154753,159
2.410838,178,2934,1,6,0.205714,0.186667,0.326667,0.280952,0.143797,163
2.350335,178,4320,2,7,0.204434,0.196223,0.321839,0.277504,0.137617,185
2.459941,176,2040,3,6,0.205584,0.201354,0.308376,0.284687,0.096888,152
2.553399,177,1854,2,9,0.166331,0.230847,0.305444,0.297379,0.067647,132
2.297685,177,3123,0,6,0.191969,0.208619,0.311949,0.287463,0.104877,134
1.986812,179,1893,1,6,0.195856,0.195856,0.317218,0.291071,0.091846,134
2.416883,178,2448,3,6,0.177873,0.214115,0.304721,0.30329,0.064077,134
2.371247,177,2697,4,8,0.228586,0.16371,0.305626,0.302078,0.033093,136
2.22437,175,3318,1,6,0.191954,0.181609,0.318966,0.307471,0.067083,151
2.484296,173,2619,2,6,0.208426,0.194013,0.318736,0.278825,0.08496,117
2.413667,182,4689,2,2,0.310783,0.086493,0.348468,0.254257,0.182213,202
2.48743,181,5814,4,2,0.339185,0.068197,0.331533,0.261085,0.123404,195
2.291177,179,3549,2,2,0.296738,0.106868,0.3572,0.239194,0.233475,176
2.44638,185,5397,6,3,0.243483,0.15807,0.348308,0.250139,0.209717,179
2.511403,190,4707,1,3,0.309865,0.082138,0.359409,0.248588,0.210868,210
2.30112,187,5847,4,9,0.303935,0.075077,0.301144,0.319844,-0.038325,310
2.569275,180,4848,2,4,0.242424,0.13025,0.396863,0.230463,0.323033,215
2.506655,181,4440,1,3,0.265274,0.123512,0.374769,0.236445,0.274356,216
2.311334,182,3858,2,4,0.205942,0.169822,0.355666,0.26857,0.185658,278
2.543725,181,4518,0,3,0.29219,0.111415,0.354724,0.241671,0.23222,187
2.487986,182,2994,1,11,0.314348,0.078384,0.353675,0.253594,0.189988,241
2.120615,180,4731,4,2,0.211396,0.150427,0.38547,0.252707,0.273355,287
2.409135,188,4728,2,2,0.303045,0.096758,0.354617,0.24558,0.205824,213
2.559991,180,4209,11,3,0.281851,0.108173,0.364483,0.245493,0.236224,150
2.50418,183,4293,3,3,0.253865,0.108897,0.404672,0.232566,0.317258,127
2.467314,184,4965,2,3,0.295924,0.091553,0.372711,0.239811,0.246579,156
2.50837,182,4350,2,6,0.323965,0.082058,0.315433,0.278545,0.081681,232
2.457983,177,4764,5,3,0.269833,0.124217,0.350992,0.254958,0.211315,177
2.435254,183,5199,2,7,0.303487,0.090571,0.357953,0.247988,0.210218,206
2.08358,176,4518,2,2,0.251609,0.138216,0.371437,0.238737,0.260804,164
2.492578,182,4773,3,4,0.243214,0.162324,0.336319,0.258143,0.176535,161
2.442362,178,4401,3,3,0.231124,0.136023,0.395101,0.237752,0.310923,206
2.24975,183,4239,1,3,0.292994,0.099016,0.358715,0.249276,0.205259,145
2.507632,186,4254,4,6,0.262087,0.134351,0.353944,0.249618,0.226007,248
0.663583,208,6996,11,5,0.216701,0.127297,0.375766,0.280236,0.174599,364
0.803928,206,6510,24,63,0.235776,0.134729,0.309968,0.319527,-0.00644,230
0.738792,205,6252,6,69,0.252091,0.124014,0.306093,0.317802,-0.021507,269
0.751959,203,7836,17,6,0.249526,0.104873,0.342518,0.303082,0.060753,376
0.671168,207,6600,6,4,0.224239,0.120216,0.385672,0.269872,0.214784,323
0.608402,211,5757,5,5,0.214403,0.131276,0.341975,0.312346,0.05894,406
0.663856,206,5778,6,5,0.162872,0.166875,0.390543,0.27971,0.213875,347
0.751677,206,6162,5,4,0.212162,0.139097,0.351259,0.297481,0.094552,293
0.635049,206,5904,5,5,0.212716,0.132067,0.352464,0.302752,0.100395,322
0.868238,199,7785,4,6,0.2116,0.1468,0.3556,0.286,0.136574,321
0.896717,201,8304,6,4,0.230202,0.125198,0.339596,0.305004,0.071211,375
0.611033,213,7233,12,5,0.212017,0.140343,0.33412,0.313519,0.04312,314
0.682163,203,7077,6,4,0.190014,0.152053,0.336909,0.321023,0.030578,354
1.023467,204,7632,10,7,0.264186,0.110169,0.355932,0.269713,0.158767,339
0.938612,200,6738,15,7,0.250106,0.118248,0.341131,0.290515,0.113021,324
0.818394,202,6585,9,7,0.221865,0.140533,0.349537,0.288065,0.130532,378
0.808233,198,6222,7,4,0.231295,0.118854,0.358487,0.291364,0.124157,288
0.807027,202,6951,10,7,0.200773,0.134207,0.385656,0.279364,0.197629,323
0.77664,202,9972,13,8,0.194606,0.150658,0.350424,0.304312,0.098426,371
0.615252,209,7335,10,4,0.186128,0.167665,0.339571,0.306637,0.075974,288
0.782349,207,7503,13,16,0.248658,0.122755,0.32457,0.304018,0.03549,356
0.811457,201,8631,10,37,0.212947,0.142154,0.321408,0.32349,0.000377,365
0.727577,202,7929,15,61,0.219858,0.132795,0.338714,0.308633,0.079207,323
0.800477,206,6564,18,72,0.248134,0.118299,0.306266,0.327302,-0.031158,234
0.888934,190,8607,5,3,0.322148,0.067114,0.332017,0.278721,0.083322,258
0.942506,190,5106,16,8,0.314365,0.074491,0.329974,0.28117,0.091423,206
0.693982,196,9987,14,12,0.27501,0.103081,0.373526,0.248383,0.241526,338
0.896743,190,7704,8,10,0.285748,0.093505,0.357602,0.263145,0.166758,222
0.967726,213,9318,9,12,0.288286,0.092218,0.375242,0.244254,0.247449,390
0.803694,212,11916,14,4,0.317364,0.073849,0.359979,0.248809,0.197776,379
1.138681,212,10641,20,16,0.264527,0.097928,0.407152,0.230394,0.317905,333
1.038975,212,9765,15,14,0.279427,0.093047,0.396702,0.230824,0.290127,367
0.747849,212,10284,13,7,0.307136,0.076272,0.378633,0.237959,0.241887,333
1.154928,206,12417,14,10,0.311119,0.070011,0.380507,0.238363,0.246155,365
0.939946,206,10635,13,6,0.319052,0.070826,0.358549,0.251573,0.196297,356
0.738205,194,6411,11,10,0.292015,0.091898,0.344278,0.271809,0.140288,205
0.811171,211,10401,10,8,0.309682,0.072509,0.359576,0.258233,0.177731,318
1.14965,213,11418,23,5,0.293811,0.084265,0.375963,0.245961,0.230678,384
1.09924,214,10533,20,14,0.312894,0.065892,0.36494,0.256274,0.191953,386
0.913534,214,7392,14,7,0.297134,0.082529,0.368429,0.251908,0.206187,354
1.14217,209,11856,10,7,0.313218,0.070364,0.381383,0.235035,0.24887,367
1.024643,199,7617,11,7,0.293556,0.083532,0.352571,0.270341,0.144205,196
0.918577,187,7683,7,4,0.287492,0.097037,0.342909,0.272563,0.135722,227
0.760108,192,7344,7,14,0.279214,0.098056,0.355266,0.267464,0.171349,222
1.270996,193,5910,19,18,0.260677,0.108984,0.345361,0.284978,0.115305,164
0.911861,189,7713,7,11,0.301541,0.084132,0.359017,0.25531,0.181028,255
0.749842,189,7575,16,16,0.266625,0.11403,0.355014,0.264332,0.172765,223
0.990055,195,7473,19,17,0.274877,0.106207,0.34069,0.278227,0.11441,208
1.866442,185,12696,25,5,0.288098,0.09296,0.344669,0.274273,0.129483,229
2.10204,184,11388,20,7,0.274068,0.100318,0.352848,0.272767,0.141589,230
1.483236,185,8661,21,7,0.272431,0.105057,0.346003,0.276509,0.154497,334
1.999502,182,10701,16,31,0.269818,0.114764,0.333964,0.281455,0.114259,265
1.470049,211,7434,25,12,0.239869,0.134314,0.356699,0.269118,0.176985,238
1.106665,211,8937,23,12,0.286203,0.100461,0.345438,0.267897,0.146079,268
1.538622,214,6717,17,4,0.248685,0.123163,0.376383,0.251769,0.220152,222
1.519463,206,8400,22,13,0.271523,0.10596,0.35535,0.267166,0.153308,267
1.171395,207,9048,19,7,0.275727,0.10495,0.341725,0.277598,0.118164,217
1.596755,218,9222,15,2,0.264321,0.124822,0.348272,0.262585,0.168832,217
1.603335,215,10359,25,15,0.285878,0.099024,0.348594,0.266504,0.153402,285
1.769436,180,12231,22,6,0.289948,0.093492,0.332875,0.283685,0.099553,202
1.321127,205,9999,22,15,0.279606,0.105378,0.339469,0.275547,0.127014,265
1.781139,206,10119,22,7,0.25939,0.117175,0.369021,0.254414,0.212955,250
1.868406,209,9138,26,7,0.270117,0.11726,0.351929,0.260694,0.178631,224
1.340342,202,7449,18,10,0.269994,0.112266,0.348117,0.269623,0.147597,202
1.510741,211,8331,18,10,0.234553,0.1393,0.366226,0.259922,0.202125,266
2.172179,179,14703,33,25,0.263116,0.110814,0.352382,0.273688,0.166749,244
2.025018,180,11823,19,16,0.329679,0.070087,0.323965,0.276268,0.087109,359
1.827604,184,13737,13,19,0.327206,0.073529,0.342371,0.256893,0.146666,299
2.511526,182,11028,27,30,0.312045,0.084827,0.328554,0.274574,0.100042,287
2.006135,182,8610,23,7,0.284847,0.094274,0.329237,0.291643,0.075092,213
1.659576,184,11466,21,5,0.261519,0.113697,0.35493,0.269854,0.163751,227
2.257088,180,10524,17,9,0.279408,0.10282,0.337511,0.280262,0.118905,215
1.548976,198,4959,13,10,0.297258,0.091483,0.357923,0.253337,0.185968,318
1.580345,195,4533,5,7,0.313814,0.084084,0.329079,0.273023,0.10206,273
1.309968,198,4821,8,14,0.320574,0.089086,0.310549,0.27979,0.049505,302
1.703433,197,4638,5,12,0.286187,0.11211,0.35052,0.251183,0.196466,278
1.512988,198,4515,12,7,0.30487,0.093328,0.355718,0.246085,0.202664,305
1.172921,203,3654,7,9,0.274175,0.114903,0.365643,0.245279,0.235458,297
1.567087,200,4140,7,17,0.291489,0.099171,0.365051,0.244288,0.224965,290
1.539496,203,4098,6,8,0.302684,0.091069,0.361857,0.244391,0.219302,299
1.183113,201,4059,7,10,0.308697,0.092387,0.346883,0.252033,0.175699,284
1.647886,203,3978,12,9,0.307319,0.095977,0.334464,0.262239,0.140406,309
1.581547,200,4137,5,10,0.331776,0.068692,0.348832,0.250701,0.17427,277
1.173381,201,5127,7,9,0.311301,0.092111,0.342431,0.254158,0.167478,291
1.266011,203,4491,6,11,0.317974,0.093978,0.31729,0.270757,0.085662,279
1.734533,204,4068,6,11,0.306332,0.09254,0.334786,0.266342,0.14958,292
1.5961,202,3942,4,20,0.314257,0.089423,0.328564,0.267757,0.127332,260
1.252018,200,4656,11,10,0.316147,0.094914,0.321303,0.267635,0.104457,280
1.600762,201,4308,10,12,0.294218,0.100064,0.358012,0.247706,0.214779,281
1.732297,200,4656,13,10,0.293064,0.101437,0.348469,0.25703,0.183451,274
1.545146,197,4242,6,11,0.299849,0.101962,0.344902,0.253287,0.181726,303
1.259417,196,5103,10,7,0.316976,0.085765,0.337091,0.260168,0.14758,297
1.739108,199,4008,7,10,0.289673,0.098741,0.343829,0.267758,0.170242,263
1.557582,196,4179,2,14,0.322736,0.086224,0.329239,0.261802,0.121535,274
1.312783,195,4851,16,11,0.306748,0.085418,0.3353,0.272534,0.132019,296
1.856741,193,3414,10,10,0.294118,0.099567,0.333843,0.272473,0.103647,244
1.974717,219,6615,6,18,0.296375,0.09534,0.335973,0.272312,0.13399,242
2.325155,197,7746,10,6,0.208539,0.110648,0.473575,0.207238,0.427212,130
2.165881,196,8073,13,13,0.248903,0.099649,0.43547,0.215979,0.389526,155
2.041396,210,5043,7,15,0.300781,0.089844,0.309896,0.299479,0.033822,132
2.357317,188,7668,4,19,0.345969,0.055773,0.340305,0.257952,0.172564,170
1.760104,200,9192,6,14,0.329193,0.057675,0.368234,0.244898,0.221543,196
2.278984,189,4854,8,17,0.297159,0.082672,0.349629,0.27054,0.15912,137
2.386421,190,7746,11,14,0.2889,0.080588,0.380385,0.250127,0.22996,155
1.827688,198,9762,12,13,0.319159,0.076818,0.350251,0.253772,0.175958,205
2.403795,187,6759,12,23,0.286858,0.086496,0.361735,0.264911,0.19215,135
2.254849,191,6639,11,11,0.287911,0.096501,0.352333,0.263256,0.17094,219
1.567872,216,5223,3,22,0.322229,0.071223,0.30471,0.301838,0.010729,144
1.716833,191,6735,14,23,0.317999,0.06958,0.338125,0.274296,0.123312,139
2.241837,194,7248,11,9,0.292062,0.083874,0.36021,0.263854,0.18278,155
2.350626,192,9000,6,11,0.335607,0.057299,0.345612,0.261482,0.152649,178
1.973112,190,8337,7,11,0.321255,0.058951,0.353975,0.265819,0.155909,140
2.513081,188,8832,15,19,0.289526,0.084454,0.390739,0.235281,0.271241,174
2.030537,252,39132,2392,6312,0.185466,0.114183,0.348995,0.351356,-0.005429,329
2.045089,253,81549,6074,3745,0.168543,0.108504,0.361134,0.36182,-0.003838,347
1.849578,209,6762,4,21,0.31527,0.078747,0.335309,0.270675,0.126199,125
2.166302,213,6015,6,28,0.311017,0.08019,0.338996,0.269798,0.131096,125
2.309144,197,8328,12,7,0.190283,0.146463,0.443201,0.220052,0.414584,192
1.980945,199,9105,10,9,0.229814,0.122484,0.429068,0.218634,0.381077,132
2.312032,195,7665,9,14,0.200704,0.145875,0.436871,0.216549,0.396127,124
1.423832,194,6945,4,8,0.14354,0.24385,0.351326,0.261285,0.264991,271
1.410848,194,5382,2,5,0.131289,0.275036,0.331576,0.262099,0.23042,250
1.12909,192,6042,1,7,0.123992,0.271169,0.335685,0.269153,0.198267,233
1.591267,194,5796,5,6,0.158617,0.234126,0.344937,0.262319,0.230395,234
1.79785,191,7209,0,7,0.146511,0.265713,0.325748,0.262029,0.196619,287
1.385193,196,7059,2,6,0.166334,0.230122,0.339092,0.264452,0.217727,290
1.885978,192,6993,2,5,0.145622,0.259447,0.332028,0.262903,0.2032,256
1.753284,192,5007,1,7,0.163019,0.223015,0.342513,0.271453,0.189522,325
1.333328,196,5814,0,7,0.134547,0.261764,0.33152,0.272168,0.163803,272
1.87886,194,5124,0,6,0.190656,0.204342,0.334828,0.270175,0.166867,298
1.781853,197,5955,1,7,0.16766,0.227761,0.333651,0.270928,0.157544,305
0.989171,195,4539,1,5,0.140375,0.265203,0.325789,0.268633,0.1665,228
1.372643,195,4977,6,7,0.173948,0.225841,0.331215,0.268997,0.18116,260
2.009198,196,6663,1,5,0.17574,0.221585,0.326648,0.276027,0.124663,274
1.840428,193,6138,3,7,0.16295,0.244303,0.329086,0.263661,0.188318,254
1.495401,198,5730,1,7,0.161388,0.239929,0.350646,0.248036,0.273349,224
1.792361,196,7302,2,6,0.140622,0.253119,0.341933,0.264326,0.228853,280
1.57066,192,6321,2,10,0.151215,0.241802,0.362114,0.244869,0.300087,254
1.31546,196,6675,4,6,0.171789,0.227062,0.336502,0.264647,0.195463,286
0.985431,195,7893,1,5,0.124238,0.287786,0.334244,0.253731,0.248929,217
1.515939,195,6750,7,5,0.147347,0.255102,0.32449,0.273061,0.176915,270
1.340634,196,6096,4,8,0.138096,0.256334,0.350148,0.255421,0.252653,277
1.14214,197,5325,4,10,0.134752,0.273286,0.327896,0.264066,0.206225,249
1.628011,194,8250,1,4,0.158839,0.247109,0.345055,0.248997,0.259967,263
2.332469,201,9438,21,6,0.31747,0.042372,0.436442,0.203715,0.36273,290
2.573749,201,11676,22,3,0.355301,0.025784,0.402375,0.21654,0.303296,232
2.228819,202,9045,29,3,0.348465,0.031726,0.398246,0.221563,0.290249,241
2.555915,208,11901,16,16,0.299215,0.055228,0.446244,0.199313,0.391569,278
2.536708,200,11154,22,14,0.339923,0.034651,0.419643,0.205782,0.342864,265
1.985351,206,11280,19,6,0.330603,0.044141,0.405802,0.219454,0.308538,283
2.638522,199,11331,26,11,0.290253,0.049514,0.470567,0.189666,0.426554,257
2.251362,202,10836,27,10,0.298733,0.046295,0.461495,0.193476,0.416634,325
2.056106,204,9927,12,16,0.325275,0.04439,0.426784,0.203551,0.359211,271
2.497416,207,9647,15,13,0.293717,0.050262,0.462827,0.193194,0.418425,274
2.314415,203,11479,21,7,0.313381,0.04683,0.437184,0.202605,0.376713,298
1.989272,211,10023,17,3,0.355363,0.024052,0.410076,0.210509,0.314979,279
2.029962,207,11577,28,9,0.31422,0.048935,0.432585,0.20426,0.368735,283
2.433756,200,10200,24,6,0.282856,0.05868,0.468767,0.189697,0.431407,262
2.457819,204,11009,19,6,0.301775,0.044205,0.459566,0.194454,0.409452,286
2.221578,206,9219,18,8,0.35162,0.026527,0.408285,0.213568,0.311992,273
2.549411,198,13683,29,10,0.299326,0.054875,0.444076,0.201722,0.389206,329
2.567397,207,10302,30,4,0.333019,0.037055,0.423413,0.206514,0.341914,270
2.369088,203,9363,16,4,0.338923,0.030704,0.427846,0.202527,0.353538,271
2.204506,203,8832,17,21,0.348154,0.024997,0.421657,0.205191,0.342128,249
2.55555,202,11562,22,9,0.335198,0.037592,0.420228,0.206981,0.343673,222
2.417287,201,8907,16,7,0.326463,0.034952,0.439499,0.199086,0.379019,356
2.109854,204,10188,19,6,0.348837,0.026325,0.413292,0.211545,0.318374,250
2.502082,204,7953,22,3,0.312362,0.043286,0.43988,0.204472,0.368781,239
2.032341,209,2424,5,7,0.16444,0.207738,0.357439,0.270382,0.202241,69
1.93377,210,2526,3,8,0.172574,0.203951,0.348635,0.27484,0.163351,77
1.810281,203,3567,4,7,0.209193,0.168856,0.354128,0.267824,0.176207,88
2.265884,214,2133,4,6,0.163366,0.211881,0.371782,0.25297,0.28683,113
2.07671,202,3378,2,11,0.211457,0.189553,0.32182,0.277169,0.128911,94
1.735817,207,2319,3,7,0.200491,0.198036,0.345745,0.255728,0.194273,92
2.145453,202,2448,5,8,0.197101,0.191304,0.341063,0.270531,0.166267,81
2.000103,208,2163,3,6,0.169351,0.211145,0.350457,0.269047,0.192676,173
1.585584,202,2778,6,9,0.182033,0.189598,0.365485,0.262884,0.190548,70
2.171402,200,3459,3,8,0.184277,0.198647,0.357988,0.259087,0.235927,79
2.09805,205,2544,6,6,0.2,0.184332,0.342396,0.273272,0.138006,120
1.751716,206,3843,3,6,0.193563,0.170317,0.37148,0.26464,0.210831,85
1.651466,210,2892,4,8,0.188778,0.197595,0.352705,0.260922,0.213461,87
2.193903,209,3096,5,9,0.196539,0.188298,0.365472,0.249691,0.241341,70
2.129776,207,2997,7,8,0.228682,0.146512,0.368992,0.255814,0.221584,91
1.684409,205,2610,4,7,0.201902,0.170774,0.367056,0.260268,0.251208,160
2.12165,206,2007,3,8,0.152263,0.233653,0.349337,0.264746,0.200399,96
2.292152,207,2259,4,10,0.188337,0.193117,0.362811,0.255736,0.223185,79
2.032301,203,3219,3,6,0.165298,0.210472,0.358316,0.265914,0.214988,99
1.62273,209,3141,3,9,0.200772,0.178571,0.350869,0.269788,0.196136,78
2.260203,203,2856,3,8,0.167488,0.217734,0.353202,0.261576,0.1816,169
2.030124,208,2472,3,9,0.159378,0.229349,0.358601,0.252672,0.261077,73
1.676541,207,3018,3,6,0.181221,0.193427,0.347887,0.277465,0.151015,114
2.293926,205,2586,2,12,0.204457,0.174419,0.344477,0.276647,0.152812,74
2.087685,197,5364,5,14,0.310481,0.084094,0.333909,0.271517,0.107905,122
2.318335,209,5211,6,16,0.300023,0.079806,0.354152,0.266019,0.150815,162
2.073042,209,4219,6,11,0.27257,0.114508,0.336025,0.276896,0.098637,134
2.307685,204,4266,4,11,0.287921,0.098731,0.34556,0.267788,0.143697,178
2.309988,205,5268,8,16,0.293881,0.108084,0.322465,0.275569,0.081859,194
1.960911,207,5988,14,14,0.324879,0.073671,0.317633,0.283816,0.055625,144
2.491999,205,4275,8,13,0.292637,0.096459,0.332945,0.277959,0.098413,202
2.315935,200,4197,6,11,0.291719,0.094387,0.331991,0.281903,0.091315,109
1.943616,203,5982,12,14,0.287513,0.093914,0.323452,0.295121,0.048961,112
2.529324,203,4605,5,19,0.319032,0.085349,0.332725,0.262894,0.123694,146
2.281105,200,4824,6,12,0.284247,0.110568,0.326076,0.27911,0.080931,140
1.705144,202,6888,4,11,0.294339,0.098896,0.307963,0.298802,0.005088,122
1.987827,203,4182,14,11,0.289664,0.106351,0.330511,0.273474,0.105216,132
2.475092,208,4389,3,9,0.287087,0.106164,0.350363,0.256386,0.175607,112
2.277276,202,4347,1,11,0.261376,0.124868,0.333862,0.279894,0.098168,110
2.170902,204,4450,8,9,0.282427,0.100941,0.329236,0.287395,0.069866,94
2.510915,205,5766,10,14,0.310406,0.089326,0.334301,0.265967,0.113151,116
2.273435,201,4242,1,15,0.309566,0.087344,0.332145,0.270945,0.091906,237
2.167027,202,5124,3,19,0.309255,0.087534,0.331828,0.271382,0.094561,132
1.678562,185,6300,3,32,0.366494,0.052145,0.303994,0.277367,0.040509,341
2.365606,205,4533,6,11,0.283969,0.098479,0.366243,0.251309,0.213323,136
2.220832,207,4971,9,24,0.312636,0.071646,0.356274,0.259444,0.160616,201
1.788134,213,5967,6,7,0.284133,0.102091,0.321525,0.292251,0.054274,143
2.416785,202,3813,10,17,0.304836,0.088422,0.351001,0.25574,0.187225,124
2.405582,201,7746,7,19,0.298317,0.081401,0.377217,0.243065,0.243986,238
2.464314,202,7842,8,5,0.278414,0.092805,0.373671,0.25511,0.224235,236
2.237895,198,9656,6,4,0.266636,0.122151,0.369417,0.241796,0.257874,205
2.523396,201,7716,8,4,0.281058,0.103448,0.366084,0.24941,0.212605,198
2.357847,200,9249,10,4,0.255874,0.126442,0.374413,0.243272,0.267355,238
2.182213,201,9255,8,4,0.269248,0.109107,0.367356,0.254289,0.214666,211
2.511722,203,8652,6,2,0.265262,0.099283,0.417771,0.217684,0.34287,263
2.438093,201,7434,12,6,0.220087,0.128784,0.417107,0.234022,0.332201,285
2.136403,204,6639,1,8,0.279978,0.097124,0.357298,0.2656,0.176673,207
2.585235,199,11154,10,4,0.266077,0.109538,0.374631,0.249754,0.245877,252
2.46017,206,7833,6,10,0.329605,0.074638,0.333269,0.262488,0.140083,240
2.126457,199,9816,7,2,0.297891,0.086555,0.360501,0.255053,0.211887,205
2.29421,205,9162,5,7,0.336848,0.06956,0.322044,0.271547,0.107555,272
2.536152,201,7878,5,18,0.324663,0.054985,0.391969,0.228382,0.268197,251
2.447663,199,8604,3,11,0.324319,0.071904,0.339772,0.264005,0.123262,254
2.221993,205,7547,4,18,0.280167,0.10086,0.381809,0.237164,0.268506,210
2.539728,200,9528,10,5,0.251858,0.121557,0.393966,0.232619,0.306086,215
2.532097,201,6087,2,2,0.277484,0.091321,0.401258,0.229937,0.314042,227
2.424254,199,8184,8,3,0.289138,0.08981,0.338634,0.282419,0.096245,284
2.138775,205,6960,4,4,0.348181,0.049614,0.342227,0.259978,0.139159,209
2.493609,203,5739,5,8,0.271765,0.118807,0.356421,0.253006,0.214305,254
2.518897,204,9051,7,3,0.318348,0.065898,0.386936,0.228818,0.272244,230
2.218346,201,8046,8,3,0.248662,0.13887,0.340312,0.272156,0.133291,262
2.539937,198,8052,3,3,0.257376,0.131686,0.364836,0.246102,0.230561,195
2.371177,202,7056,21,8,0.248891,0.12755,0.359234,0.264325,0.198014,173
2.767225,200,7932,23,5,0.259196,0.111714,0.381421,0.247669,0.254822,169
2.351801,202,6399,16,5,0.268224,0.09706,0.389247,0.245469,0.247973,148
2.55639,202,7851,21,8,0.28561,0.106105,0.340843,0.267442,0.142302,170
1.009091,208,8787,13,4,0.25,0.110616,0.411669,0.227715,0.33548,195
1.113954,204,8535,22,9,0.257302,0.11509,0.388561,0.239047,0.27821,131
1.076574,205,7605,14,3,0.241572,0.131059,0.382605,0.244764,0.271652,146
1.173213,204,7002,14,6,0.243592,0.124633,0.407552,0.224222,0.338667,156
1.168025,209,7491,24,17,0.242847,0.126657,0.397592,0.232903,0.301465,171
1.103475,203,7692,22,8,0.242686,0.130319,0.376995,0.25,0.244664,162
1.075416,201,8193,23,5,0.225,0.135385,0.414423,0.225192,0.348281,162
2.057346,201,7575,17,10,0.252708,0.119872,0.36743,0.259989,0.2019,153
1.149341,204,6300,17,10,0.254902,0.108797,0.401527,0.234774,0.308569,173
1.002241,204,6825,21,6,0.243342,0.128785,0.388544,0.239329,0.281772,165
1.128296,201,6147,15,6,0.246478,0.124107,0.392974,0.236441,0.294118,165
1.102458,203,7065,36,2,0.240415,0.129154,0.394377,0.236055,0.289474,188
1.010898,205,8088,13,7,0.254111,0.121076,0.375561,0.249253,0.24986,179
2.502158,199,7518,12,5,0.293916,0.095817,0.338973,0.271293,0.136616,194
2.518774,201,7392,17,10,0.285739,0.100292,0.357475,0.256494,0.18377,220
2.056093,209,6720,12,5,0.262556,0.109562,0.391957,0.235925,0.28607,154
2.613047,201,7110,8,10,0.283174,0.097518,0.367403,0.251905,0.197035,166
2.581756,199,7578,15,8,0.260183,0.110895,0.382382,0.246541,0.238062,147
2.25223,211,7125,12,10,0.260205,0.118504,0.384643,0.236648,0.288895,138
2.675893,205,7806,22,4,0.244834,0.122521,0.393237,0.239407,0.294382,187
1.902609,219,9279,8,12,0.225773,0.13707,0.368256,0.268902,0.201488,423
2.132245,199,10926,6,4,0.17491,0.185305,0.420968,0.218817,0.421147,270
1.817228,200,10683,16,4,0.213019,0.170602,0.366813,0.249566,0.238067,419
2.206126,201,7128,15,5,0.25269,0.108643,0.355259,0.283409,0.129591,284
2.174023,208,6849,19,43,0.237764,0.123899,0.37907,0.259267,0.223511,344
1.950988,214,4731,13,21,0.22159,0.152502,0.347203,0.278705,0.139633,216
2.241445,223,5523,6,15,0.20568,0.169292,0.390726,0.234302,0.303384,280
2.131541,223,7338,6,10,0.214385,0.146299,0.409392,0.229923,0.350987,320
1.960243,219,6111,2,34,0.203055,0.163562,0.386364,0.247019,0.283215,248
2.263754,223,4611,7,11,0.237326,0.124271,0.399731,0.238672,0.302785,342
2.162704,222,9837,14,9,0.226418,0.130862,0.389074,0.253645,0.254805,329
1.499563,215,9750,13,15,0.239171,0.128916,0.366204,0.265708,0.190645,404
1.899679,218,4704,7,22,0.225091,0.133925,0.38927,0.251714,0.27893,294
2.389942,209,6546,8,7,0.216231,0.158569,0.383164,0.242036,0.283882,270
2.282372,219,7380,12,12,0.210466,0.152751,0.400539,0.236245,0.310741,229
2.146471,213,8028,13,9,0.23605,0.13069,0.382342,0.250918,0.257827,277
2.315867,206,8238,12,34,0.268012,0.105091,0.377522,0.249376,0.242205,256
2.200435,215,10434,13,8,0.191739,0.173936,0.382945,0.25138,0.285486,305
1.928101,215,7857,9,8,0.19644,0.164749,0.410679,0.228131,0.371554,371
1.471089,201,6822,5,12,0.235965,0.124133,0.409528,0.230374,0.324999,190
2.229876,206,7698,15,8,0.236546,0.148936,0.377972,0.236546,0.277589,172
2.209693,195,9840,10,15,0.15091,0.189681,0.433045,0.226364,0.412377,269
1.710083,204,10923,9,5,0.158535,0.193765,0.418394,0.229306,0.39059,280
2.411432,203,11139,8,5,0.174352,0.168948,0.436059,0.220641,0.414655,222
2.352582,188,5832,6,4,0.272727,0.1472,0.315227,0.264847,0.137616,177
2.470179,195,9714,5,7,0.245267,0.157202,0.363374,0.234156,0.27941,197
2.367162,195,11691,6,6,0.240848,0.145793,0.368872,0.244487,0.258293,193
2.377312,187,7989,6,3,0.238742,0.162246,0.333128,0.265885,0.172012,162
2.228812,204,5016,5,9,0.250732,0.137561,0.324878,0.286829,0.066432,137
1.774856,201,5709,3,12,0.279566,0.123009,0.300237,0.297187,0.043544,144
2.280741,214,5919,5,4,0.262987,0.148701,0.298701,0.28961,0.008862,125
2.153397,212,5781,3,13,0.262233,0.148055,0.301757,0.287955,0.045423,188
1.85626,209,5289,3,3,0.252799,0.146929,0.299627,0.300645,0.006736,136
2.356642,211,5565,1,10,0.276278,0.133831,0.312464,0.277427,0.075423,138
2.15997,215,3831,3,10,0.251651,0.153897,0.306473,0.287979,0.049435,186
2.068256,192,6843,9,3,0.25326,0.1407,0.329444,0.276596,0.117451,137
1.906883,208,5322,3,6,0.220042,0.180803,0.298219,0.300936,-0.009379,150
2.441678,209,3861,4,5,0.240908,0.151383,0.337271,0.270438,0.140085,147
2.219085,205,4962,8,7,0.24812,0.139098,0.335213,0.277569,0.126308,303
1.870423,213,5172,3,10,0.291759,0.110616,0.324425,0.2732,0.094232,136
2.343776,207,7134,6,32,0.27027,0.12766,0.305923,0.296147,0.025449,177
2.450222,188,5568,4,3,0.248087,0.149235,0.333865,0.268814,0.12868,151
2.290581,190,4908,5,6,0.204136,0.180391,0.32478,0.290693,0.076435,136
2.145195,181,4836,6,6,0.230144,0.154784,0.335057,0.280015,0.148968,122
2.466863,198,7965,4,3,0.220135,0.172634,0.318327,0.288905,0.070844,96
2.440177,192,9480,4,4,0.241413,0.140784,0.394291,0.223512,0.348282,281
2.294084,197,10827,4,6,0.246432,0.162226,0.353235,0.238107,0.276542,262
2.47043,191,9660,5,5,0.251465,0.138642,0.378173,0.231721,0.292048,219
2.453489,187,8688,25,6,0.222183,0.107429,0.283397,0.38699,-0.175379,559
2.43752,195,12666,38,9,0.143655,0.203158,0.375024,0.278163,0.223828,728
2.4116,195,8643,35,16,0.191663,0.172229,0.333845,0.302263,0.069074,519
2.512124,195,8496,20,12,0.203196,0.144977,0.279395,0.372432,-0.189153,581
2.551142,192,11202,9,14,0.25814,0.099003,0.302492,0.340365,-0.076211,488
2.536453,191,12225,26,20,0.276476,0.076448,0.301585,0.34549,-0.063092,542
2.617524,194,11937,41,28,0.322787,0.051641,0.29311,0.332462,-0.068458,511
2.67125,190,13326,38,15,0.287564,0.080137,0.297459,0.33484,-0.066715,536
2.528907,192,12681,24,8,0.290602,0.071064,0.310265,0.328069,-0.016101,497
2.623427,206,8907,31,22,0.19638,0.164015,0.331322,0.308283,0.049556,418
2.526116,214,8205,18,41,0.166138,0.187302,0.357521,0.28904,0.147377,441
2.232578,192,4806,24,12,0.199681,0.140351,0.281978,0.37799,-0.186867,567
2.423367,206,2850,29,44,0.176102,0.179716,0.365093,0.279089,0.180082,601
2.616419,204,9822,34,25,0.188472,0.150046,0.354071,0.307411,0.087877,581
2.578774,219,10266,30,20,0.199806,0.170277,0.33051,0.299407,0.063894,437
2.631086,199,9609,28,22,0.196434,0.159503,0.331105,0.312958,0.040057,298
2.662121,186,15267,34,12,0.238479,0.135945,0.28629,0.339286,-0.114323,598
2.528393,184,5739,11,15,0.196552,0.158019,0.296265,0.349163,-0.112217,569
2.401374,188,9387,18,9,0.206772,0.126233,0.316732,0.350263,-0.072819,521
2.483838,192,13983,24,18,0.230836,0.102931,0.327126,0.339108,-0.023829,492
2.383731,192,12732,21,5,0.231135,0.107378,0.339773,0.321714,0.034095,655
2.247213,197,13086,38,13,0.163561,0.190647,0.362542,0.28325,0.176427,628
2.373641,203,9291,20,7,0.194774,0.158722,0.337406,0.309097,0.051542,509
2.265856,197,9009,29,14,0.16805,0.199526,0.338148,0.294276,0.095081,594
2.633599,188,11316,14,32,0.172953,0.211689,0.365613,0.249745,0.27485,433
2.683248,202,15087,11,4,0.177352,0.201425,0.369934,0.25129,0.274354,320
2.442894,205,16389,15,8,0.19456,0.16181,0.430752,0.212878,0.42084,349
2.626742,200,11052,14,39,0.172073,0.211808,0.352902,0.263217,0.215639,454
2.652985,203,12225,13,20,0.156258,0.202057,0.42677,0.214915,0.447701,394
2.521849,207,10101,18,15,0.154607,0.238938,0.345133,0.261322,0.240975,283
2.745508,196,11229,18,38,0.207002,0.16838,0.396638,0.22798,0.356767,285
2.684807,200,11424,13,26,0.158357,0.201024,0.424235,0.216384,0.439856,393
2.558563,208,10464,18,19,0.156021,0.237435,0.345419,0.261126,0.241304,283
2.771535,196,10515,18,38,0.207002,0.16838,0.396638,0.22798,0.356767,285
2.667365,203,9795,17,14,0.178342,0.200303,0.381169,0.240187,0.327405,286
2.300674,211,10401,22,20,0.19926,0.178647,0.37315,0.248943,0.264789,423
2.490777,215,10164,26,17,0.167979,0.194329,0.413146,0.224545,0.404385,353
2.766898,194,11751,19,24,0.203542,0.146753,0.425921,0.223784,0.385028,300
2.681291,211,10683,30,9,0.147789,0.228257,0.374983,0.248971,0.322254,250
2.554436,214,8982,27,50,0.163326,0.201615,0.381693,0.253365,0.31303,281
2.755852,202,8061,17,36,0.181818,0.178273,0.407698,0.232211,0.368056,292
2.634363,208,11388,23,25,0.118207,0.26712,0.376359,0.238315,0.389505,317
2.563194,191,7989,11,7,0.129823,0.25776,0.362545,0.249871,0.313751,210
2.481235,192,9357,21,12,0.109202,0.281675,0.356038,0.253085,0.299404,207
2.695341,194,11103,18,10,0.106349,0.298566,0.329447,0.265637,0.244228,235
2.602233,203,16309,14,10,0.152698,0.234443,0.367394,0.245465,0.315,364
2.457104,201,17289,13,11,0.202018,0.162077,0.423586,0.212319,0.424218,419
2.736788,197,16560,20,28,0.179356,0.177899,0.39915,0.243594,0.329957,307
2.646677,190,9642,26,16,0.243925,0.120409,0.356477,0.279189,0.158586,221
2.787332,249,139233,10085,4789,0.160193,0.109342,0.365159,0.365306,-0.00029,473
2.790923,192,16326,16,9,0.295041,0.06386,0.419669,0.221429,0.327487,264
2.665524,249,133203,17601,2263,0.148552,0.095858,0.37642,0.37917,-0.003165,515
2.63038,216,11133,13,40,0.30877,0.082792,0.350383,0.258055,0.167466,183
2.606466,217,11229,16,39,0.298171,0.088711,0.360889,0.252229,0.198781,221
2.615205,214,10431,20,57,0.307639,0.073605,0.356199,0.262557,0.164652,236
2.698036,215,9825,18,31,0.304324,0.077176,0.362616,0.255884,0.190776,352
2.707343,208,11376,18,13,0.326107,0.067234,0.340947,0.265712,0.147018,321
2.637049,217,12513,17,30,0.313708,0.076184,0.349337,0.260771,0.160694,273
2.760827,207,10050,27,30,0.26957,0.100434,0.379584,0.250412,0.229625,182
2.679317,189,8499,26,6,0.271246,0.1076,0.341094,0.28006,0.122122,184
2.723792,207,8142,11,53,0.289015,0.092264,0.362647,0.256074,0.19429,259
2.68923,208,11541,19,26,0.295721,0.088136,0.356323,0.259819,0.179786,175
2.713774,212,9057,14,31,0.279273,0.09172,0.373393,0.255615,0.206644,199
2.72417,204,12237,17,33,0.28438,0.094985,0.371605,0.24903,0.217656,161
2.793767,204,12465,25,35,0.309244,0.066387,0.37381,0.25056,0.207319,216
2.654075,188,8523,21,16,0.282514,0.099967,0.34236,0.275159,0.137372,166
2.685457,174,11656,27,10,0.299596,0.089385,0.329241,0.281779,0.094721,297
2.702059,187,13068,22,16,0.286562,0.086918,0.379264,0.247256,0.232132,276
2.725149,185,11415,23,13,0.282028,0.09661,0.354335,0.267027,0.175977,158
2.852827,190,12510,27,8,0.226557,0.102568,0.468152,0.202724,0.422501,265
2.766704,192,13029,24,9,0.265369,0.080241,0.436914,0.217477,0.359091,203
2.787508,208,15048,26,8,0.230955,0.08855,0.485895,0.194599,0.447826,170
